作者,年龄,内容,好笑数,评论数
fool_cn,38,"最近媳妇突然给我买了很多电子产品，比如最新款某60行车记录仪，某为的最新款手表gt2。
我还很甜蜜。
今天中午无事，在单位健了一会儿身，刚才跑步没多久，突然接到媳妇电话，媳妇很可疑问我，“你在干什么？心跳怎么突然高了”。我气喘吁吁说“单位跑步呀”。媳妇沉默了30秒说“啊，没事了，查了你记录仪，你确实在单位没有离开，只是看你突然心跳加速，我关心你”
MMP…………
我突然发现不对了。",526,8
上天揽九月、,26,"闺蜜约我去看电影，到了电影院找到位子坐好。闺蜜在背包里掏出一大桶爆米花和一瓶可乐，递给我说：“电影院的零食贵死了，这是我在超市买的。”
我怀着无尽的感动，一大口爆米花一口可乐，美滋滋看着电影，一桶爆米花快见底时，我问闺蜜：“你怎么不吃啊，都快被我吃完光了！”  闺蜜摇摇头说：“你吃吧，我怕胖！”
我…草率了~",1212,36
欧阳狗蛋的觉醒,23,"对女神死缠烂打了一个月，
终于将女神打成重伤。。。",576,8
夏有凉风秋望月,20,"这一年每个月的大 姨 妈来的都不准时，刚好这几天总觉得胃不舒服，老是想吐，又吐不出来。老公问我是不是怀 孕了？我胸有成竹的说，女人推迟几天很正常的啦！今年每个月都推迟了几天，你又不是不知道，可能是因为太紧张了吧，过几天天可能就好了
刚好元旦期间单位要求体检，才发现我是真的 怀 孕了，吓的领导们脸 都 绿 了",1611,72
逍遥ベ冰儿小迷妹,26,"最近和室友吵架了，谁也不理谁的那种。然而看到她被狗狗追的时候，有了恻隐之心，上前赶跑了狗狗。
和室友和好如初，她买来蛋糕让我吃，我高兴的正要张口吃，她把蛋糕拍我脸上了!",1493,50
保质期～,19,最出丑的一次，刚面试完要出去。被会议室的桌脚卡了一下，一下子跪在面试者面前。面面试者语无伦次的说：“别，别，别这样。”我顿时坐那了。,616,5
yuan缘来入刺,42,闺女学跳舞了，家里来客人都会逗她：艺艺，给阿姨(叔叔)跳个舞，她都会认真的跳一段，获得的掌声如潮，有时叔叔阿姨为奖励她特意给她买东西。她妈妈表扬她：“你看你听话好好学跳舞别人都喜欢你，给你买好东西”。这家伙不以为然的说；“我只是出卖我廉价的劳动力，获取一点报酬而已”。,593,11
坏小孩cium,30,"大二的时候有一次胖哥要和我分手，我说那必须的吃一顿散伙饭我才能同意。。。
吃完我俩被留在饭店刷盘子，一个多月都没分成。。。。",1287,62
大宝宝2016,36,同事有了二胎 老大三岁 因为怕老大无意伤害老二从来不让兄妹独处……直到有一天同时上完厕所 发现卧室门锁了。老大在卧室给老二换尿不湿，怕妈妈打扰,705,4
忧郁的创可贴,93,"北方的冬天特别干燥，容易起静电。开车门啊，握门把手啊，都会被电得一哆嗦，很是烦恼。
昨天，男神上我这领印章，两手触碰的一刹那，我明显看他哆嗦了一下，我灵机一动 ：哇塞，咱俩触电了耶，你是不是也有触电的感觉？
男神一愣，马上换上无辜脸说道：没有啊，别瞎说，只是天气冷打了个哆嗦。。。",2613,163
无书斋主,42,"昨晚，一友招待客户，我作陪，酒量一般的我，面对几千一瓶的酒不能免俗，过了量！！
上厕所的时间，刚蹲下来听见隔壁位传来一个女的接电话声音！
跟着，这女人时来时进，就没断过！……
我特么，蹲了快一个小时才跑出来！……
大家以为我进的女厕所吧？？
如果不是蹲久了腿麻，我特么要揍这老板一顿！！
这厕所不分男女，公用！！……",1173,40
无书斋主,42,"每个人都有一个不可说的秘密，我的是在初中的时间有个幼稚恋！
为什么说幼稚恋，因为我除了年纪小外，还不长个，看起来就是个小学生！！
今天中午，我收到很多初中同学的微信:你丈母娘（幼稚恋的母亲过世了）走了，回来聚下！！
聚？怎么聚？你们的胡说，我家都翻天了！！",1221,31
吃了两碗又盛,41,"小时候去姥姥家拜年，表兄弟姐妹加一起七个熊孩子，我老舅声色俱厉地教育我们说，千万不能在外面舔铁，外面零下三十来度舌头冻住了就不用要了。
可是
好奇害死猫。
真正的勇士敢于直面惨淡的人生。
姥姥家院子里有个小四轮拖拉机后面的拖车，车斗全是铁的。
当时的场景是，我们七个排成一排，以统一的姿势弓着身子，全都把舌头冻在了拖车上。
哭都不得劲哭。",589,14
忧郁的创可贴,93,"半上午觉得肚子饿，就把早上从家带来的苹果拿出来啃。正好老总过来巡视，我举着苹果有点尴尬，吃也不是，不吃也不是，老总轻松一笑，说道 : 吃吧，喜欢吃的话，吃完再来拿。
老总走后，我越想越不对，为什么他要说“再”呢？
直到后来，我在他办公室看到剩下半箱的苹果。。。",1327,78
十里柔情一帘幽梦,99,"刚刚看到一个脸型完美比例的标准，偷偷拿尺子量了，然后兴奋地说：我脸型比例是最完美的，完全符合标准！
同事们都不相信，离我最近的小张伸头看了一眼，对大家点点头：她对照的是男人的标准！",615,20
花落彼岸&…,30,"小时候的我是个病秧子，经常生病我奶都说我好像纸糊的。
有一次下雪在雪地里玩，回家就咳嗽的不停，我奶也不听谁说的用香油炸鸡蛋可以止咳，就给我做了一个吃完就不那么咳嗽了。
一连十天我一天吃三个香油炸鸡蛋，每天还是稍微咳嗽几声。
我爸实在看不下去了说到:“你这咳嗽也太废香油了吧，馋你就直说呗",1125,21
有飞机？！,31,老家有块空地，去年我和父亲栽了很多树！有一次带女儿回去，到那片树林看看，我就跟女儿说：前人栽树后人乘凉，这些树都是留给你的！女儿：爸爸你也可以坐树下乘凉啊！我说：等树长大了，爸爸也老了！女儿：爸爸老了也不怕，等树长大了，给爸爸做个棺材…,930,17
夲少姓〖劉〗,29,丈母娘生三娃，我媳妇身高168，小姨子175，小舅子186，我说对她不公平，媳妇却说我订的是头批货，没经验，质量就差点  [捂脸][捂脸][捂脸][捂脸],706,38
狐小乔,20,"“老婆，今天降温，特别冷，你穿上秋裤吧。”
“不穿，影响我美丽的形象。”
刚到公司，老公接到电话。
“老公，你立刻给我送一条秋裤，我已经冻成冰雕了。”
“老婆，可你为了美，从来没买过秋裤啊。”
“那先拿我妈的棉裤来。”",807,34
BEY冷雨夜OND…,23,拉肚子时千万不要相信任何一个屁。我有证据,635,27
红尘一笑醉红颜～,99,"大叔前天没不打麻将,让我叫上朋友他要请我们洗脚去...
我约好朋友打开美团看了一下有优惠就美团买了四张票.....（718）
现在都两天过去了钱也不给我，我忍不住想问一下，该怎么给他要回来 .....",650,42
上扬的脸庞,30,长大以后才发现，公主都嫁给了王总；王子都娶了富婆；而真正的骑士确一直在送外卖[诶~][诶~][诶~]。,572,6
九头纪,84,有一年冬天男友老爹来看他，见到我要风度不要温度地穿着个打 底 裤加靴子，就说，多穿点，不要感冒了。未来公公是个内敛的人，一般不怎么跟我有话题。这下把我给激动的。赶紧想说不冷不冷，穿着保 暖 内 衣呢，又想说穿着 保 暖 裤。话出口是这样的：不冷不冷，穿着保 暖 内 裤呢！说完舌头就打结了，一老一小俩爷们都尴尬了……我好想掩面泪奔却还要假 装 若无其事……,668,9
悠悠又见悠悠,0,？？？？？？？,571,1
胖香,103,我看了下手机，跟老妈说:“可不得了，明天零下12度！咋过啊……”我妈显然和我持不同意见:“咦？不对啊，我刚看我手机上的天气预报，明天零下13度吧！咋了，天气预报也知道你肉厚体感温度不一样？”,959,27
狐小乔,20,"经理生二胎，给孩子过百天，我们去祝贺。席间，经理高兴地抱着大胖儿子，向众人炫耀，突然，小孩放了一个屁，气氛有点尴尬。
办公室一大姐马上说：小孩放屁，大吉大利！众人跟着鼓掌。
一会，小孩又放两个屁，大姐又说：好事成双，财粮满仓！经理说好，大家都说好。
没想到接下来小孩连着放了一串屁，众人都等大姐说话，只见大姐沉默了一下，对经理说：让嫂子换尿不湿吧，估计孩子拉稀了……",1648,43
义行天下7,30,"傍晚出去散步，看到一帮叔叔阿姨在跳“扭 .臀 .舞”！
闲着没事，就在一旁扭 着屁 股跟 着学了起来，跳了大约半个小时，随着音 乐的 停止，领 舞喊 到大家休息一下吧！……
我擦了擦额头的汗水，好久没运动，感觉腰酸背疼，就跟旁边的大 叔诉苦道：你们跳的这种扭. 臀 舞可真累人，我才跳这一会，就感觉腰酸背 疼的……
大叔哈哈大笑道：小伙子，你怕是单 身 狗吧！",1265,35
《霹雳火》,35,"早上跟我老婆一起去小区公园锻炼身体，锻炼之后嘻戏打闹了一阵。要去上学的侄子刚好经过。我就跟我侄子说：你婶娘欺负我，快点过来帮我！
没想到啊，没想到，这臭小子居然顺手捡了一个小树枝给他婶娘，还顺带说了一句；路见不平一声吼，吼完我就转身走！",1050,25
过桥不吃米线,81,昨晚梦到自己从嘴里扯出肠子，越扯越长，被自己恶心到了，今早的早饭都吃不下去，现在正饿着肚子上班，作孽哟,654,17
吃了两碗又盛,41,"看电视剧，小外甥说他也会演，我们把电视暂停鼓掌欢迎。
只见他用手搓了搓脸，情绪马上就来了，眼泪在眼圈里打转，用颤抖的手斜上45度指着天花板说:我，嬴异人，质赵八年，质赵八年啊！！
可能是用力过猛吧，他这句怎么听都是“智障八年”，再配合他9虚岁的年龄，把我们都笑疯了。",843,10
南九,105,"昨天上午，水喝多了，总往厕所跑。
咯咯咯……
娟姐把她的暖宝递给我说:老九啊，拿着捂捂。
老赵凑过来说:昨天晚上累着了吧……要不你吃点药吧！
老赵刚说完，小周就默默起身出去了……
老赵对大家说:小周这孩子热心肠，一定是给老九买药去了！
没一会，小周回来了，手里拿着两串大腰子，塞到我手里说:哥，刚烤好的，趁热吃啊……",771,14
奶爸笔记本,91,"儿子高二了，有女朋友了。
女孩家长和我是老友。
我就想将来有一天。。。
儿子甩了人家女孩或人女孩甩了我儿子，我和老友两家之间N多年的交情，还怎么处？",699,14
没事找茬挨打亏不,39,逛超市，闺女非要买红包🧧，拗不过只好买了。到了家，闺女拆开红包看了看，问我，妈妈，红包里为什么没有钱呀？我～[笑哭]……,575,45
薄之凉,28,"那一年去山东旅游，那一年媳妇还是女朋友，那一年还没有“导航”，那一年我们还用翻盖手机，然后媳妇走丢了，去趵突泉的路上，我和媳妇走散了。
我连着给媳妇打三个电话，媳妇都没有接，我更着急了，旅游把媳妇弄丢了？
一个小时后，媳妇打来电话，她留恋路边小吃，才发现走丢了。这样大条的媳妇真少有。我问她在哪，她也说不清楚。
我提醒她找参照物，以便我去找她。
媳妇说：我记得身后有太阳……现在我的位置？我旁边有卖把子肉、油旋、草包包子、甜沫……你等会再来吧，我先品尝这家的盘丝饼……",976,16
秋风吹豌豆,26,"无聊兼职跑外卖，遇到这么。一个单子，大哥是这么备注的：“饭你吃了吧，过来帮我带两瓶红牛，你我一人一罐，我给报销，麻烦你帮我去XX钓具店买XX鱼饵，能帮我先送么，你后边超时的单子，费用我全报销[嘿哈]快点我要没鱼饵了”
我想说钓鱼的人都这么入迷么",980,20
狐小乔,20,今天在家吃大闸蟹，挑了一个最小的给了小侄子，小侄子看了看小蟹子说:“姑姑小螃蟹不回家他妈妈会着急的。”我说:“不会的，他的爸妈，以及全家都在这个盆里。“哪个是他姑姑我要吃他姑姑”小侄子说。,1915,67
芭蕉窗下听雨声,43,"去年疫情期间我一二十多年没见过面的同学从潮汕回来看我。
结果老家村里不让进，淮南高速也没下来。
[捂脸][捂脸]",1173,65
可爱到家了,21,想快点结婚 结婚了每天给老公做两顿饭 因为早上起不来被老公打也没关系 打我一顿可以三天不起床 饭也不用做咯 ​​​,578,23
上天揽九月、,26,"我给自己的小店印了点广 告，偷偷贴在小区里。没过两天，物业找上门来说：“广 告已经清理干净，以后别在小区里乱贴广 告了。”
我尴尬的一边道歉一边保证以后不会了。末了，我问物业：“你们怎么发现是我贴的广 告？我反侦查措施应该做的挺严密的！”  物业：“你广 告上有电话号码，我们跟业主的联系方式一对比就找到你了。”
我…草率了~",1437,40
吃了两碗又盛,41,"大意了，倒车向右甩尾的时候车头左边蹭墙上了，好在发现及时，只出现了一点划痕。
看着膈应！
心里像堵了一块石头。
但是我在停车场遛了一圈，把每台车的车头都仔细观察一遍，发现一多半的车都有小剐蹭的痕迹。
然后就平衡了。
甚至还有些惬意。",925,25
倾心倾情%%,102,"和庄姐站店，来了个女客户，刚坐下客户还没说话，庄姐热情地说话了:我没猜错的话你是当老师的吧！
女客户大惊，对对对，客户走后我悄声问庄姐:你是从她身上散发的气质看出来的吧！
庄姐:从大厚眼镜片看出来的！",605,3
狐小乔,20,"“闺女，你啥时候放假，快点回来啊，我给你做好吃的。”隔着电话就能感受到老妈盼我回家的热情。
“好，一放假我就回家。”
终于回家了。
“哇塞，老妈你做这么多好吃的呢？”
“那当然，我老闺女好不容易回来，必须好吃好喝的伺候着。”老妈说。
“行了，快吃吧，从早上开始就没给我做饭，都饿三顿了。”老爸喊道。",1137,38
逍遥ベ冰儿小迷妹,26,"一天，一对父子在等红绿灯，在儿子旁边还有一个推着婴儿车的妇人。
儿子轻声对父亲说:爸爸，那个婴儿好可怕，嘴都咧到脸两旁了。
父亲急忙阻止了儿子: 不许乱说，绿灯了，走吧!
父亲出于好奇，忍不住回头看了一眼婴儿车， 儿子说的没错，那个宝宝长着裂开的大嘴，不断大口的喘着气，赫然是一只小狗。",1695,34
羽臻_,27,垃圾游戏！！垃圾游戏！！,570,0
Kong'…,30,回家相亲的小妹们注意了，第一批年轻吊丝已经在村口集合了，这种不能要，要等那种大年三十回来的，不是高管就是领导！[捂脸],634,13
子木-_-#,29,做为新晋的电工，每天上班没事了就翻书学习，一同事看见了说：“这么刻苦，活到老，学到老”，我随口就说：电工没办法，学到老，才能活到老。,711,6
璃白°,99,"工厂附近有个小公园，我周末喜欢去溜达一下。公园的厕所翻新重建，在空地上用铁皮瓦，临时搭建了一个简易厕所。
那个星期天，我在公园凉亭看书，本来好好的天气，突然就刮起大风。
我想着上个厕所就回去，正蹲 坑的时候，一阵妖 风吹来，吹飞了铁皮瓦。
于是乎，众目睽睽之下，我……[大哭][大哭]",1584,74
良也,51,说来奇怪，小时候家里穷，知道有娃哈哈这个个东西，却一直没有机会尝试。有次过年父亲不知道怎么想的给我们两兄弟一人买了一瓶娃哈哈AD钙奶，那种如从天降的感觉至今记忆犹新。那是我人生中的第一瓶娃哈哈，我喝了整整一个下午。,623,9
真气波波车,21,？[doge],902,29
夲少姓〖劉〗,29,"多年不联系的同学  突然发来一句：在吗？
我：在外边躲债呢，有事吗？
同学：好吧 没事了！
（又省了一笔）[吃瓜][吃瓜][吃瓜]",732,16
《霹雳火》,35,"此文在这个特殊的日子，献给我生命中最重要的她：
小时候，我是个病秧子，又瘦又小学习差，体弱多病不合群，总是一个人上学放学，一个人玩，一个人发呆。

那天，隔壁搬来一家人，小公主一般可爱的她就像一个小太阳，从见面的那一刻，像一束光照进了我的生命里，温暖了我的一生。从此我眼里只有这个开朗活泼可爱的女孩子。

我家境极其贫寒，连吃上一顿白菜豆腐对我们家来说都是一种奢望。她家境殷实，却从未嫌弃过我。她的父母和我的父母成了好朋友
…",2112,97
、萍萍玉立～～,20,"姐姐当年远嫁，听不懂姐夫老家的方言。怕以后夫妻俩吵架吵不过姐夫，就让姐夫教她几句方言。
姐夫教了姐姐三句，后来夫妻俩果然吵架，姐姐脱口而出那三句姐夫教的方言。
姐夫听了哈哈大笑，原来那三句方言的意思是：我爱你，我错了，我们和好吧？
姐姐故作镇定的说，其实她早就知道了。接着她开始噼里啪啦地往外说着自家骂人的方言，炸得姐夫一脸懵……………",621,10
逍遥ベ冰儿小迷妹,26,"从网上看了一款很漂亮的小瓶子，进了一批，打算装点果酱果茶，促销的时候送出去。
顾客的反馈不错，别的不要，只要小瓶子，我就多进了一些，这回明码标价了。
又小赚了一笔，高兴之余，发现不对劲了，你们能不能光顾一下我的果酱，很好喝哦！！！",1599,53
孤心傲月,30,"记得小时候，参军二十多年的二叔回家探亲，他抱着我问我要什么礼物，我告诉他我要他的大盖帽，等我长大了要成为像他一样的军人！他听了很欣慰！
如今我抱着我的小侄子，他也说要我的大盖帽！
我生气的吼到：完蛋玩意！一个破保安帽有什么好要的！",2000,42
再看、再看掐si你…,28,"刚帮别人写完表白信，接到了大学同学的电话，找我诉苦，他在东北送快递，告诉我最近祸不单行：自己在当地快递圈出名了，丢快递最多，赔钱最快，客户最多，工资最少，前几天还被一客户在电话里骂：什么都不知道还送什么jb玩意儿快递？！
哥们当着其他客户面又不能说脏话，只能说快递里面装的啥我又不能看拆了看！双十二尾声了，他告诉我前天被一客户投诉了，我问他为啥，他说自己没有码快递的习惯，总是拿一个就拨电话叫人下来取，谁知道那娘们同一天一下子到了4个快递，一会功夫让她跑下来了四次…",809,18
九头纪,84,某天在洗 澡，老妈突然闯进来拿洗面奶，很害 羞把身体遮住，被白 眼：“你有的我都有，遮来干嘛” 我脑子突然一 抽，说：“我的新鲜啊。老妈: ……？,818,28
汪紫薇,27,五花肉张大大稳居第一,577,4
空城旧梦她与伞,33,"当年电子厂上班的时候，和旁边一个妹子关系不错，常常开玩笑。
那天下午，厂里线路出了问题，要维修十几分钟，坐在流水线上无聊。
突然她对我说要不玩个快速答题，只准在一秒钟之内给出答案，回答错误的要请吃夜宵。
我爽快的答应，并让她出题，她歪着脑袋想了想，说道：有一个人姓婆，小时候别人叫他小婆，长大后别人叫他大婆，老了以后别人叫他什么。
我脱口而出：老婆。
话刚出口，旁边几个同事都哈哈大笑起来，她竟然也羞答答的应道：唉。
卧槽卧槽，被套路了，现在孩子都7岁了。",2985,99
天热打鼓球,102,"朋友圈看到一同事生日，于是在工作群里艾特她，祝她生日快乐，顺便发个5.2的红包意思一下，结果忘打小数点发了个52。
看我带了头，别人也不好意思不发，于是纷纷跟进。
我正郁闷呢，没想到那同事私发了一个88的红包过来，说谢谢我！",1422,35
倾心倾情%%,102,"工作第一年，带我的师傅经常给我介绍对象，工作第二年，师傅给我介绍对象变少了，工作第三年，师傅不给我介绍了……
一天没忍住问师傅:您老怎么不给我介绍对象了？
师傅:你把我的资源都用完了！
……",633,8
冷水煮饺子,37,公公自从上次腔梗住院回来以后就有些胡搅蛮缠，老在家胡闹，逮谁骂谁。最近老说家里人不给他吃饭，这不今天早上又把队长叫过来，让给他开个证明，他要跟婆婆离婚。队长说，现在离婚简单，不用村里给开证明，自己去县城里民政局就可以了。他自己不会坐车，就在家哭了一会儿。然后坐门口砍柴去了。,645,13
花落彼岸&…,30,"当年上中学的时候我是最不让老师省心的，经常逃课去网吧打游戏。
一般情况下都是二十块钱可以玩三四个小时，我就怕打游戏正嗨的时候网吧老 板 站身后。
因为他站我身后就说一句话，:“同学你时间不多了”，搞得我每次都觉得我被下病危通知书了",589,10
皱皱的咸鱼,22,哪一瞬间让你觉得情商高真的很重要！,579,5
给叮叮把脉,31,今天一朋友在群里呼吁大家跟他亲戚找一女朋友，大家七嘴八舌的各种问问题，多大啦！什么工作呀！长的怎么样呀？要找什么样的女孩呀？等等……发话人一个问题都没有回答，只说了一句，只要是个女的就行……群里瞬间安静了……,733,24
无书斋主,42,"这几天在出差，每天和老婆道晚安的时间，她都会开玩笑说:我抱我的情人睡觉了，你能怎么样？你还得赚钱养他呢……
我只能苦笑:做个好梦！……
昨晚九点我开视频的时间，床上有个光头后脑，明显不是儿子……
心中顿时有如五雷轰顶，又如汽油桶遇火，差点炸了！！……
看着我明显僵住的脸，这货竟然还巧笑嫣然的侧身在那光头上亲了一下！…
如果不是光头转过身来，我绝对立马回长沙让她好看……
只是，我搞不懂小姨子为什么理了光头！！……",1155,43
渣.渣.渣,20,"高血压住院治疗，下午又来一个老爷子，血压260，抬着进来的，各种强力降压药输上，降到180了，第二天老爷子说饿了，我一看，一盒红烧肉，一盒炖牛肉，一只烧鸡，三盒米饭，我以为这是几个人吃的。老爷子一个人大快朵颐，主治医生来了，您怎么吃可不行啊！
老头:怎么不行，我投诉你，我一会就出院.......
过几天，我办出院手续时，看到救护车上抬下来一个，眼熟啊，这回估计吃不了红烧肉了",655,9
逍遥ベ冰儿小迷妹,26,"闺蜜谈恋爱了，向我讨教恋爱经验。 我资深一笑:必须要抓住男人的心，让他觉得离不开你，一秒不见，他就会发疯的找你。
话还没说完，男友给我打来电话，我得意的向闺蜜挑了个眉，打开接听键:媳妇，我刚睡醒，你在哪呢？你又把门反锁了，我出不去啊，都快死了。。。",2184,42
骑着二哈啃黄瓜,28,"我们也算生意家庭，从小教导侄儿的观念就是要言而有信，说到做到，做不到的别说，要讲信用。
大哥刚因为侄儿小事和小朋友打架​，被学校叫去处理，害得大哥一面赔礼道歉，一边承诺愿意负全责，一边低头哈腰成全对方家长情绪才了事。
大哥刚到家，学校又给发个大电话，​侄儿又和那个小朋友打起来了，大哥这次怒了，一次打叫不小心，二次打那就是任性了，一到学校了就揍侄儿屁股，侄儿一边哭一遍解释:上次我就和他说过了，再骂我家人，我一定揍你，做人不是要要言而有信么，说打他就一定要打他。
…",2466,58
狐地瓜大人,30,"在食堂打好饭准备开动，同事妹子跑过来，挖了一勺辣椒酱给我，说是自己做的让我尝尝。
尝了一下味道虽然一般，但还是夸赞：“真好吃，你手艺真巧。”  妹子笑着从包里拿出一瓶辣椒酱：“喜欢就买一瓶。”
自己夸赞的，含着泪也要买，好在东西不贵…
大概一周左右，妹子在食堂等我，见到我就从包里拿出一瓶辣椒酱：“你的辣椒酱吃完了吧，我给你预备着呢！！”",1314,26
_不须归_,35,“什么东西本来是给小孩子设计的，但最后却对成年人的吸引力最高？”,754,72
夏有凉风秋望月,20,"男友从外地出差回来，递给我一个大包，一个小包，就去洗漱了。我满怀期待的打开了，大失所望的扔下。
大包的是他要换洗的衣服，小包倒是些好吃的，当地的特产，全是我不爱吃的那种。
“还真给你准备了个礼物!”他洗漱完，从裤兜掏出两个耳环，笨手笨脚的给我戴上，端详了半天，嘟囔着说“奇了怪了，别人戴着为什么这么好看！”",1924,47
无书斋主,42,"上高中的大儿子，昨晚和同学们约在一起在酒吧玩，晚十一点的时间，接到电话说他酒喝多了，叫我接！！……
我家近，把儿子放小区门口再送他女同学时，在她家小区门口遇见同事小刘……
今天，同事们个个望着我笑，特别是小刘！！……",1441,41
上凹下凸,81,圣诞节回家的路上遇到一卖苹果的小孩纠缠:叔叔，买一个苹果吧！只要88元！我说:弟弟，你看我像买的起88块一个苹果的人吗？小孩叹了口气:难怪你没有女朋友！,684,9
lucky等风的人…,0,等老了以后孩子这样问，我们这样回答……,568,8
久违<。)#…,27,一所女子中学某班的物理老师请病假，女同学们都在猜测谁来代课。到上物理课时居然来了位非常英俊的男老师。于是一位女同学言语挑逗地说：“老师，我们可不可以不上课，来玩一些兴奋刺激的游戏呢？”男老师沉默了一会儿说：“好吧！各位同学把课本收起来，现在考试！”,668,6
吾名菜八斗,20,"我小时候，家里没有交通工具，最近的交通工具只是二伯家的那台拖拉机，平时看二伯开拖拉机时，那潇洒的身影，还有那气定神闲的模样，我也很想体验那种完全掌控方向的感觉。
我曾经也趁着二伯不注意偷偷拿启动器去启动拖拉机，可是任凭我如何使劲，拖拉机就像是个牛屁股，怎么也掰不动，而二伯在旁边哈哈大笑，绝不会相信一个八岁的小孩能掰动拖拉机的启动器。
我使出了吃奶的力气，奈何直到我累趴在地上，愣是没能掰得动，只好灰溜溜的走了，回头跟狗蛋子说起这事来，狗蛋子哈哈大笑的模样可把我气哭了，我暗暗发誓总有一天我一定会
…",495,11
图图的耳朵会动耶,20,"在家吃火锅，舀汤汁的时候，不小心，手一抖，汤汁都倒了，撒得到处都是，桌子上，手机上，还有我腿上…我被烫得哇哇叫！老公看到了，拿起旁边的抽纸，心疼滴说：“哎呀哎呀，都烫坏了吧，进了水，换屏幕都好几百，要是买新的，得大几千呢！”
边说边很小心滴擦拭手机…",1191,47
逍遥ベ冰儿小迷妹,26,"年初堂姐让我给她当伴娘，因为 疫 情原因婚礼延期了。
有天堂姐打来电话：让我帮她个忙，替她跟姐夫去拍婚纱照。我本来是拒绝的，重赏之下必有勇夫，我稀里糊涂就同意帮这个忙，只拍照后期再把头像PS成堂姐的。
约好地方跟姐夫见面，看到帅气的姐夫，我忍不住犯花痴，吞了吞口水给堂姐打电话：姐，我见到姐夫了，太帅了，你就安心在一线抗击 疫 情吧，姐夫我替你照顾！！",2353,91
忧郁的创可贴,93,"科室刘姐是出了名的抠门，今天又轮到她请客，还没开始点菜，她就说道：知道光盘行动吧？听说过N减一点菜模式吧？咱们三个为了不浪费，点俩菜就够了。
我跟另一个同事对视一眼，异口同声说道：老板，来一只烤全羊和大盆水煮活鱼~",2168,78
石锅拌着饭,25,"一个夏天的晚上，家里大人都洗完澡在树下乘凉，我就跟邻居家几个小朋友玩捉迷藏。
小朋友七八个，有的喜欢躲柴房，有的喜欢躲草里，还有的喜欢躲厨房，而各处风水宝地之中最受欢迎的莫过于我家茅房，别问我为什么，我也不知道。
可能因为我家茅坑招财进宝，还可能那里充满了诱惑的气息，小朋友被其深深吸引。
茅坑是几块板子搭成的，横架于深坑之上，前可看风景，下可观战势，那天我连输几把之后突然脑子一抽，把上面的板子全卸了，然后邪恶的等他们躲进去。
可我算漏了那时天还没黑，小伙伴也不是傻子，那么大个窟窿，瓜娃子
…",656,16
花落彼岸&…,30,"本想着明天周一去剪头，可是今天早上升炉子的时候，煤球子放多了不着。
我就蹲炉子旁边用嘴吹一下，呵呵火苗子窜出来了，额头发也省钱了",1649,40
爱讲段子的静静,37,"姐弟俩吵架后，姐姐对妈妈说：我们把弟弟捐给贫困山区吧。[捂脸]
亏你想得出来。[流鼻血]",707,20
石锅拌着饭,25,"老爹从我记事起就爱喝酒，边喝还喜欢边给我们聊国家大事，关键我们听不懂啊！实在烦不甚烦，老妈更烦，常常让我和妹妹想招帮老爹戒酒。
记得有一次我和妹妹买了两把玩具枪，正你追我逐的打仗，这时依然赖在桌子上自斟自饮的老爹又想找人吹牛，老妈不理他，就把我俩叫到桌子上当听众。
讲真，好烦呀，我和妹妹假装听着，实则桌子下枪林弹雨横飞，兄妹俩都被子弹打的龇牙咧嘴。
老爹脚也挨了几枪，气的拍桌子瞪眼睛，正想骂我俩时，两人已经打出来火气，你射我大腿，我打你屁股，打着打着老爹突然怒吼一声“握草”跳起来就捂着肚子
…",1633,30
徘徊的老鹰,45,"谁家的生活不是一地鸡毛！
只是，我把它编成了一个漂亮的鸡毛掸子！
今天周末丈母娘说十一点要来家看看她女儿，十点出门买菜买肉买水果……
回来看着一地地的瓜子皮，玩具……
我抄起痒.痒挠追着三岁的儿子，
“你皮又痒.痒了！是不是？”……",835,24
骑着二哈啃黄瓜,28,"闺蜜一临沂网友给她寄了陈桥酱菜，分量太多了，就带了一部分到食堂午餐分食。
大家觉得好吃，就问闺蜜这叫啥菜？闺蜜用不飘准的普通话说:这是临沂(qi)酱菜!特定带来给大家一起品尝的。
大家一听临期酱菜，脸色都不好看了，快过期了还拿来给我们吃，吐的吐，呕的呕​。
闺蜜看着大家的反应，丈二摸不着头脑。。。",1748,62
倾心倾情%%,102,"一起午餐，庄姐说了个话题没人接她的话，没人听，我怕她尴尬，急忙上去问:庄姐，你再说一遍，她们没人听，我听！
庄姐:可是，我不想说……给你听！
我……",593,9
搞笑视频在线,25,以前觉得肉包子很好吃，后来我就研究为什么不做一种全是馅的包子呢？我满心欢喜的把这个想法跟我爹说，结果他告诉我已经有人发明出来了，叫丸子,818,11
死去的帅哥,101,"因为众所周知的原因，这些天没少收到关于防疫方面的短信………割
有个问题一直在困扰着我～
短信提醒，接触过冷冻食品的器具一定要高温消毒后才能使用……
你们说，我做完饭是不是应该用开水烫一下手再吃饭？[疑问]",763,58
毒鸡汤专卖,20,国庆节想和女朋友去旅行，请大家帮忙推荐一下，哪里有好女朋友,593,16
程念念念,27,小伙子手机掉了，被一位老大娘捡到了，小伙子找大娘要回手机，大娘不愿意归还，随即说到，你说手机是你的，你叫它，它答应吗？小伙子高声喊到“小爱同学”，手机里传出清脆的回答：“在的！,693,11
骑着二哈啃黄瓜,28,"我回老家休假一周前，特定交代闺蜜，我们洗手间马桶堵了这个问题找房东解决下。
三天后闺蜜打电话给我:蜜儿，问题解决了。
我疑惑:房东这次那么快帮解决问题？
闺蜜嘿嘿一笑:我换了个房东。。。",1740,50
芭芘红颜,36,"办公室里有个93年的女孩儿，一直没对象。然后同事给她介绍一个，自己开美发店的，她相亲回来说:以后上托尼老师那剪头发，免费！
过两天她又说:以后你们要做头发都去我们家托尼老师那，给你打折！
我们剩下人会心一笑，这进展，挺快！",1105,18
陆皢雪,0,为什么呢？,630,33
义行天下7,30,"传言说把老婆 当 皇 后自己就是 皇 帝！
这天周末一早起床，早餐我做了煎鸡 蛋、小米粥、胡辣汤、油条！
做好后，我喊还在睡 觉的老婆：皇后，御膳房已准备好早餐！请用膳！
二货老婆回答：“三德子”（剧中一太监别称），来，快扶本 宫 起身！",1665,50
寒山宽洪,62,今天在街上碰见采访，问我新年里的愿望是什么，我回答”脱单”，她追问我：大爷贵庚几何呀？我只好讲实话：虽然离了两次婚，但现在还是单身……刚看了新闻联播，他们把我的镜头给掐了！,568,8
狐小乔,20,下班买了几个鸡翅打算回家吃，不小心一条大狗抢了鸡翅就跑了。正生气呢，来一小姑娘：“姐姐对不起，我的狗狗吃了你的东西我赔给你。”我心想这还差不多。小姑娘又说:“它吃了你的东西，那，那你把它的饭吃了吧。”说着递给我一袋狗粮！,1328,66
忧郁的创可贴,93,"城里娃，二十五六岁了，第一次去乡下农家乐。在水塘里，看到蚂蟥，看它一会长，一会短，一会粗，一会细，在水里翩翩起舞。
就想办法捉了几条，放矿泉水瓶里，到处向同事炫耀，永远忘不了同事们，看傻～逼～的眼神[捂脸][捂脸][捂脸]",1862,108
毒鸡汤专卖,20,穷真的不可怕，可怕的是你的亲戚朋友都觉得你很有钱,703,12
夲少姓〖劉〗,29,"我：老婆，零花钱没有了[羞涩][羞涩]
老婆：呐给你一百够不？
我：[OK]
老婆：赛脸是不，还想要三百，这一百没了
我：老婆，我这是比划的OK啊[捂脸]",800,10
夲少姓〖劉〗,29,"点了根蜡烛走进经理办公室～
经理问我：你过生日吗？
老刘：没有啊！我就是想问问我上个月为什么工资只有800
经理：问就问呗，干嘛点蜡烛？
老刘：不点不行啊，太特么黑了[挖鼻孔][挖鼻孔]",659,11
薛定谔的老妖,21,"上高中的时候，班上有一个神人，是我的同桌。
天天晚上上网吧，打英雄联盟。
人送外号:包夜十四郎（最长一次连续包俩星期）
平时在班里不是睡觉就是在纸上计算各个英雄的伤害值。还会画峡谷的地图。
直到期末考试前两天，不去包夜了，回宿舍，通宵看书。是真看啊！！！
最后，我考全班第三，他考全班第四。
我tm当时心态炸裂。[难道说][难道说][难道说][敲打][敲打]
咱一直是辛辛苦苦的好学生呀。
伤害性不强，但侮辱性极大[打脸][打脸][打脸]",806,14
义行天下7,30,"周末陪儿子去县城玩！
遇一看面相的老师傅，想到现在找老婆如此困难，就好奇想让看看儿子的姻缘！
看面相师傅看着我儿子的脸说：一朵小花人前栽，一年四季花不开，要想花能开放时，采花之人还没来！
我听不懂，纳闷的问道什么意思？
面相师傅说：就是你儿子如果25岁还没有女朋友，那他25岁就一定结不了婚！
我……",1232,41
骑着二哈啃黄瓜,28,"父亲是老学究，客厅闲聊，意气风发的讲到儒家，孔老先生弟子三千，传道授业解惑，攻在千秋。。。
侄儿正玩着玩具呢，看着爷爷讲的唾液横飞，连忙捧场:如家是不错，每天生意兴隆，主要是惠民价格，到处都有它的分店。。。",2307,82
鲁智深暴打达文西,0,在老家大山东，喝5瓶啤酒就醉的属于什么档次？反正我是从来没见过热菜长啥样。,618,14
捉女妖的天师,38,"同事上二年级升三年级的时候语文还行，他就感觉自己的数学60.1，这个分数很勉强，升到三年级就害怕自己追不上，他就主动申请留级把数学基础打好，为以后上大学做足准备
后来他就又连着留极一次，这次是真的没考上😬！
功夫不负有心人，第三次的时候他得了第一名，还得了奖状！而他自己却不好意思的把奖状压在了枕头底下…
后来被他俩哥给发现了：哟呵，老三出息了啊！
他俩哥哥可是从来就没有得过奖状啊！！！愣是帮他糊在了墙上！
事实证明他真的是想多了，丫的初中一年级没上完就辍学了",1565,48
宋谷子,0,如何用一句话证明你玩过某款游戏？,668,166
中国移动10086…,24,"上学起早了来晚了
上小学的时候，有个调皮捣蛋的同学迟到了，老师罚他站，问他：为什么迟到了？他说：起早了来晚了，我们都笑了，老师不相信他说的话，把他妈叫来了，原来真是起早了去厕所了，他妈妈以为他上学去了，锁上门就去菜市场了，所以来晚了，[笑哭][笑哭][笑哭][笑哭]",701,7
羽臻_,27,哪句台词让你记住了整部电影？,806,237
狐小乔,20,"侄女二萌的舅舅来武汉出差，跟我哥哥嫂子商量好把她带到外婆家住上个十天半月再送回来。这是二萌第一次没有爸妈陪同离开家。
按照预计方向，我嫂抱着闺女哭的稀里哗啦。说妈妈会想你，妈妈爱你，妈妈等你回来……那叫一个母爱爆棚，那叫一个深情款款。反倒是我二萌无比淡定地安慰妈妈：我只是跟舅舅去外婆家住几天，很快就回来啦。又给她妈擦眼泪，又抱着她妈亲亲。
二萌在妈妈恋恋不舍当中，一步一回头跟着舅舅开车走了。
车开出去，我嫂大剌剌抹抹眼泪儿，问我：怎么样，开远了看不见了吧？我回答：嗯。
只见她迅雷不及掩耳
…",1208,34
养娃日常,39,这几个人打起来谁会赢？,588,19
养娃日常,39,远赴人间惊鸿宴，下一句是什么？,763,78
寒山宽洪,62,天太冷，买了一双棉鞋，为了穿厚袜子，买大了一个鞋号，前天到货就穿上了，昨天又穿了一天，感觉买的鞋小了，顶的脚尖疼。以为自己脚肿了，出去量血压也正常。今早准备退货投诉呢，无意间从鞋里掏出一团报纸，两只鞋都有！[大笑][大笑][大笑],922,17
薄之凉,28,"为了省钱，我只租了一间房，厨房、厕所都是公用的。
昨晚啤酒喝多了，睡觉时被憋醒，我冲向厕所推门就进。
忽然发现厕所里有一名女生？我走错厕所了？我确认一下厕所上的牌子，没有错！
为了缓解尴尬的气氛，我说：“按照常规套路，此时你应该大叫一声？”
女生不好意思地说：“是我走错厕所了，我们宿舍女生集体闹肚子，女厕所不够用……”",1261,33
毒鸡汤专卖,20,找对象的时候，不要光看对方外表，得先看看自己外表！,648,10
逍遥ベ冰儿小迷妹,26,"男友马大哈，曾经拿我抹果酱的勺子盛鸟食，把袜子泡我洗pp小盆里，为这我们吵过好多次。
一天，家里要来客人，他要自己整理房间。我告诉了他清洁的东西放置的位置。
在我偷偷的注视下，他拿了我的洗脸巾，和香水擦拭了书房，迎来了两位女同学!",1996,61
另一个世界的旅客,21,"我 来 了
我初中的时候，想买辆自行车，我爸说：“你把家里那辆自行车先骑着，没准过两天你劲头就没了”
我看着放在院子最角落的 生锈的自行车说：“行吧”。
然后我每天就骑这个破车去学校，这车子骑着骑着经常掉链子，每次我都得自己用手搞，马路周围也没修车店。
有一天十分紧急，快迟到了。我骑上我的车儿冲去学堂，家离学校有段距离，大概要骑车30分钟。骑到半路上，链条掉了，我下车，找个破树叶，准备把链条装上，然后手全黑了也没给装上，我着急的不行，就坐车上看看能不能踩踩把链条整回去。
然后
…",914,14
绝版≌帝君,32,我以为全中国就我一个人是洗脸盆洗脚盆洗屁股盆三盆合一呢，直到遇到了另外几个家伙，好嘛比我还邋遢，我起码毛巾是分开的，洗脚一个，洗澡洗脸一个，他们几个人都是同一个毛巾，表示自己的身体谁也不嫌弃谁,653,30
偷惢前女友,23,刚才看到一个视频，一位姐姐出嫁，婚车出发前弟弟哭的稀里哗啦。为了让我老弟心里有点数，我就把视频发给他看，希望这个年轻人有所感悟！结果倒好，那个煞笔正在打游戏，说我妨碍他凯放大了………艹,1228,68
姚与善,0,"我一个男性朋友跟我抱怨
“我真想不明白我老婆究竟要干什么，我妈伺候她月子又要洗衣服又要做饭有时候还帮忙带孩子，就这还不知足！”
我说“哟！你不说我都不知道我都伺候我老公月子都这么多年了。”",681,6
上凹下凸,81,舅舅打电话给我:快来看看你弟吧！他在医院洗胃呢！我急忙问:他好端端的，有啥事想不开啊？舅舅叹了口气说:他晚上一个人戴着蓝牙耳机在院子里蹦迪，自娱自乐跳的正嗨时，被田里回来的爷爷奶奶看见了，爷爷奶奶以为他中邪了，一棍子把他撂翻，灌了两瓢大粪水……,1365,23
Awkward雪,31,我买的678，卖家发的789，这种情况该怎么投诉？,616,63
一條、鹹魚,25,刚上小学的时候，知道厕所要分男女。女厕所不能进，就有一种神秘感。受好奇心的驱使，就想看看男女厕所有什么不同。于是就对同桌的女生说：“我的力气大，我一个人可以把你们十个女生拉进男厕所。”女生不信，说：“把你拉进女厕所还差不多。”我说：“下课我们比一比。”“比就比。”下课后，她果然叫来9个女生，一下子就把我拉进了女厕所…,724,32
花落彼岸&…,30,"我小表舅 结 婚 我舅老爷在城里给买了套房子。
想着儿子结婚了把我太姥爷接过来住几天，毕竟老爷子也没去过几次县城。
太姥爷在小表舅的小区里转转，看到个井盖跟我舅老爷说:“看来城里吃水真是方便呀随处都有井”。
舅老爷说:“那是污水井”是处理污水的也就人们拉的 屎 尿 ，太姥爷想了一会说到:“那我们行走在屎尿上面，那我们是蛆吗",881,25
正版煮茶,31,"跟老婆去买阳台柜，售货员问我老婆要不要阳台柜的洗手盆自带搓衣板那种。
我想着站着洗衣服总比蹲着洗对腿脚好，就说：买吧，膝关节也好受一点。
售货员多嘴一句：那是，没人罚跪在阳台柜上...",837,16
80后的男人！,37,"话说小时候，我的父皇是十里八乡村公认胆子最大，脾气暴躁的山东汉子。家里有一辆柴油三轮车，所以做殡仪馆尸体运输的工作。
故事发生在春天的一个夜晚，那天我爸拉了一个尸体，由于疏忽车没有了油，就把车停到村头，回家去提油桶加油。谁知道半路被劫去邻居家喝酒去了。我们一群混小子正在捉迷藏，同伙“二猴子”突然发现停在那里的三轮，便朝我呼喊：大哥，你家三轮在那里，你藏进去咱们就赢了。我虽然心里多少有点肝颤，但俗话说虎父无犬子，我不能给我父皇丢脸，便大声喝道：有何不敢？那时候送尸体是没有恒温馆的，就是下面铺的草，
…",704,18
捉女妖的天师,38,"几年前我.我媳妇.还有一哥们从歌吧出来，哥们晃晃悠悠发着牢骚：唱歌就唱歌吧，你们俩可真够损人的专挑些男女对唱，就我一个单身狗喝着闷酒还得帮着鼓掌！
我：谁让你不找对象的？
哥们：你以为合适的女的像大白菜啊！大街上就可以捡…
话都没说完，被什么东西绊了一下
等稳住身形一看，我去，还真有个姑娘在马路牙子上坐着呢，看样子像是喝多了
我就吆喝一句：还愣着干啥？把她捡回家呀！
也许是酒壮怂人胆吧，这家伙真的把那姑娘扶起来，顺手打了个的一溜烟跑了！
卧槽，还有这种操作？我和媳妇儿对望一眼，妥了，这也不
…",1054,44
才下眉头却上心头,31,珍爱生命，远离辅导作业！作为一名老师，我觉得我寿命肯定长不了，在学校被别人家孩子气个半死，剩下那半条命回到家辅导作业的时候交代在自家娃手里[捂脸][捂脸][捂脸],582,23
骑着二哈啃黄瓜,28,"破产了，从法 院出来，身上就剩下272块钱，把供应商的应付账款清了，把员工的工资清了，把朋友们借的钱清了，这辈子没欠人钱了。
牛羊肉小店，一个老板娘，冰柜​全是吃的，我要了碗咸饭。
老板娘问:不要配的么？
我​挤出笑容:只要一碗饭，饿了，
老板娘给我端了一碗咸饭和清汤，​我边吃边泪如雨下，生活还得继续是不，那种哭，没有声音的，叫哽咽，有些苦别人无法理解。
老板娘端上牛排和驴肉，我抬头望:我没点啊？
…",2489,108
Katherine…,24,预见到了我结婚时的样子,712,5
糗友072649,0,谈恋爱那会儿，女朋友的手脚特别好动，不是摸这就是摸那。一天到我家，看到装饰柜上一个瓷瓶，她拿起来左看右看，一不小心摔到地上，碎了。我爸在旁边直心疼：“哎呀，这可是我们家的宝贝啊！是南宋的！”女朋友张大了嘴瞪大了眼，万分的愧疚。后来，她一分钱彩礼也没敢要就嫁给了我。结婚几年后，有一天，她突然想起了此事，问我：“那年我打碎的那个瓷瓶真的是南宋的吗？”我顺嘴就说：“没错，南方的亲戚送的。”,722,8
骑着二哈啃黄瓜,28,"闺蜜小时候家境贫寒，相当节俭，一整个初一，基本洗发水，卫生纸都是省着用。
记得初二上学期，她买了第二瓶洗发水，当时说:我知道你们不待见我，不过放心吧，本分我做好，活动不用叫我，这瓶洗发水用完，我就不会和你们一个宿舍了。
当时我们几个同学猛然发觉，我们平时是不是无意​间独立她了，她才会这样说，但是好歹是同学，我们大家都拿出所有零食好吃的给她吃，一起分享，并承诺有活动一定一起参加不会丢下她，害怕因为无意间一个举动伤害同学的情谊。。。
也许因为大家的关
…",2641,83
骑着二哈啃黄瓜,28,"刚回老家，父母让我外出归来，先更衣沐浴。。。
热水器先放热水，准备一会儿泡头发，先解个大手排毒，安逸的哼着小歌。。。
桶里的放水声停了，啊，不会吧，停水啦，真衰格，解完大手，寻思着没水，只好用热水冲，
我永远不会忘记，本来自己闻不到什么臭味的，热水一冲，那个扑面而来凶狠凌厉的味道，如果不是父母在客厅，而我又更完衣，不能夺门而逃，只能硬生生的在里面焖了好几分钟，红焖臭豆腐一样的。。。",2186,86
卍※卍※卍※卍,20,"有什么比一个人吃火锅更孤独呢？
我连火锅都吃不起",596,19
ReneeRene…,27,头盔上为啥要加个网？,1130,80
捉女妖的天师,38,现实中的抓，捕，行动J灯根本不会闪，连车灯都不会亮，N多年前一个月黑风高的夜晚，我骑的破驴子就怼上去过[笑哭],1421,39
夏有凉风秋望月,20,"今天本打算和闺蜜去吃四川冒菜，结果闺蜜居然放我 鸽 子！
服务员小妹妹连问都没问我，直接半碗辣椒，半碗辣椒油……俺这个不能吃辣的，只能看着小妹妹一脸深情的说:我的玫瑰花，只为你 绽 放！小妹妹脸一红，温柔的对俺说:小姐姐，你打包嘛？我说不是啊，就在这儿吃。
小妹妹说:我可以给你送过去。顺便看看你种的玫瑰花！她涨红的脸对我更深情的说:打包吧，赶紧滴……",1368,42
Shisang,31,离开糗百好几年了，回来了，不知道她还在不在？青红，我是皂白。,957,40
十里柔情一帘幽梦,99,"这学期给儿子布置一项作业：每天背三个单词。今天中午检查本周的背诵情况，发现他几天没背了。生气的要求他：天黑前背五十个单词，少一个打一手板。
我拿着戒尺坐他旁边，不到天黑，他就把五十个单词背好了，想想他以前一天三个都不好好背，更气了，还是打了一顿给他长长记性！",1411,38
我不是龙猫多多洛,33,"阔别将近6年后，我回来了，不知道能否找回以前的味道，割......
今天走在路上打电话
前面有个大叔不疾不徐地走着
突然他向右：哈吐～
凉风袭来
一口痰全挂我脸上
我……",570,16
欧阳狗蛋的觉醒,23,"男生问:女人都喜欢什么样的男人啊?
女生答：喜欢幽默的男人！
男生：哈哈，那我岂不是要妻妾成群了?
女生:长的幽默不算幽默!
男生:......",793,4
捉女妖的天师,38,"我从小嘴就比较笨，二十来岁有一次去表哥家就对他邻居的邻居的邻居的邻居家小妹一见钟情！
也不知道怎么表白，我知道表哥也不太爱说话就央求着表嫂想尽一切办法给撮，合，撮，合
表嫂就比较直接了：你这个年代真好，不像我们那个时候必须得煤，妁，之，言，现在都流行自由恋爱，你要是真心喜欢就自己去追吧！
我的亲表嫂啊，我要是嘴皮子还能凑合，还用得着求您给保媒么？😥
没办法为了后半生的幸福只好硬，着，头，皮，亲自上阵，连着半个月我都去她家门口溜达，功夫不负有心人总算让我碰到了
当时是没有照镜子，但我能感
…",1096,22
狐地瓜大人,30,"群里有个帅哥，每天在群里发他买的股 票今天 亏了多少，或者赚 了多少，还附带截图。
我悄悄把他发的截 图转发到朋友圈，并且仅前女友可见，想在她那显摆显摆。
我坚持转发了大半个月，前女友终于主动开口说话了，问我：“在吗？”       我高冷的回复一个字：“嗯！” 内心却掩饰不住兴奋，幻想着接下来的故事。  前女友又发来一个 链 接：帮我 投 一 下 票！！！",1430,53
晓晓lUcKY,94,一员工小姑娘今天收到情书，让好多人开眼，现代这社会发展还有情书 ，让我也好奇 ，也跟凑热闹去看一下 ，这个情书肺活量要不好，一下就能过去 ，看了一半脸都憋紫，严重缺氧啊 。一张纸没有一个标点符号 [捂脸]另加错别字还需要猜，,693,8
吃了两碗又盛,41,"人的一生总共可以胖几次？
就目前的状况看，我一共胖了两次:
第一次是媳妇怀孕时需要进补，我跟着吃胖了。
第二次，就是现在，我儿子学习挺累，给他补充能量，我又陪着吃胖了。
所以，单身容易减肥。",921,16
才下眉头却上心头,31,什么叫远香近臭，老公外出打工四个月才回家，回到家以后我的地位发生了翻天覆地的变化，人家父子俩抱在一起亲亲热热的睡觉，剩我一个外姓的碍眼的孤孤单单一个人靠着床边睡，我还生什么闺女，再生了闺女，恐怕床边都没我的位置了,776,14
义行天下7,30,"楼主农村的，这天村 委通知家门口要修水泥路，门前的几棵树要伐掉！
于是我找个手锯，锯了半天一棵也没锯掉，老婆着急让我找个油锯，说那锯伐的快！
在一旁的儿子反驳道：这根本不是锯的问题，这是因为老爸头发太长了，要理光头，“光头强”伐树最厉害！……",1235,32
喂-你好吗,20,"上学那会儿每次经过小店也只能看着糖果之类的，吞着口水假装不经意的走过去
后来认识了同桌小刚，他那会很调皮经常干一些出格的事
比如，有次经过那家小店的时候小刚就会问我想不想吃糖果？我点点头
他一个转身冲进小店还不忘回头冲我喊：快跑，去老地方等我！
看着他，双手抓着满满的糖果，我很感动😭：你真傻，就不怕挨打吗？
他用胳膊抹了一下汗水嘿嘿傻笑：没事，他不敢打我，我爸可厉害了专治各种不服！
后来，又经过那家小店小刚问我：敢不敢陪我一起疯？像上次那样，抢自己喜欢的东西，玩具也可以的！
不调皮的
…",780,23
偷惢前男友,24,"一天闲来无事在街上溜达，有个擦皮鞋的小女孩过来问我：哥哥要不要擦鞋，3块钱。
我看皮鞋不是很脏，就说不要了。
哥哥我看你长得这么帅，免费给你擦怎么样？我就当练练手艺。
这小姑娘嘴真甜，我只好答应了。
只见小姑娘熟练的拿出工具，一会时间就把鞋子擦的油光滑亮的。然后对我说
哥哥，你起来看一下我这鞋子擦的怎么样？亮的蚂蚁爬上去都要摔死。
我对她的技术表示很赞赏，准备换一只给她擦的时候，她迅速收齐工具，要走人。
我说：你怎么不给我擦另外一只？
她说要擦鞋一双十块。
我看着脚下两只皮鞋，一只磨砂的，一只亮
…",2221,45
实体娃娃,27,昨天吃饭的时候，我夹起一块肉，刚要咬就掉在了老爸的脚边，老爸一脸心疼的捡起来，连吹带擦，还用手擦了擦，我看着老爸，心想，还是父母那一代人生活节俭啊，就在我以为老爸要吃掉的时候，他以迅雷不及掩耳之势把那块肉塞进了我的嘴里。,617,10
义行天下7,30,"家里要用四轮拖拉机（单缸20马力）拉两车土垫院 子！
没有电 启动，要用摇把摇，由于天气太冷，我摇了两个回合，累的气喘吁吁，也没启动着，第三个回合已经有点力不从心了，松减压时，不小心被摇把反弹打到下额了，打了个“小孩嘴”大的口子，去医院一下缝了五 针！
包扎好我拍个照发给经理，说不小心受伤了，需请假一个星期！
经理回复了一个哈哈笑的表情：同意！你老婆拳击真厉害！",1258,41
大小可爱爱爱,20,"临近过年，又到了回家逼着相亲的时候！想起往年去女方家相亲点头哈腰的又发 烟来又发 糖，发到最后还是 黄！
“烦 烦 烦”，于是给老爸打电话，赌 气的说相亲总是不成功太 烦 人了，今年不打算 回 家相亲了！
老爸安慰道：你回来吧！放心！今年不逼 你相亲了！
我纳闷的问道：真的？为什么？
老爸：真的，连个给你介 绍媳 妇的都没有！去哪相亲？
卧槽，更扎. 心了，一点希望也没了……",1897,50
～凤御龙,29,"老公被我赶出家门了。原因是我一瓶化妆水用了好几个月都没用完——
今天他在卫生间往里面装水的时候被我发现了。",705,24
空城旧梦她与伞,33,"昨天晚上，一个同事招呼同宿舍里其他三个人：我已经在外面租房了，哥几个，帮我搬一下行李呗。
话说这同事特抠门，大家都不想动。他急了：搬完后，我请大家吃香的喝辣的，这次绝不食言。
看他这样说了，大家也就帮他搬去了。等搬完后，他笑嘻嘻的给了我们三个，每人一桶 某师 傅香辣牛肉面 ！！",1704,51
董文华V,0,这东西用你们的方言怎么说？,714,187
吃了两碗又盛,41,小外甥的语文卷上有一道题是根据设定情景写一条标语，小外甥写道:厕所是我家，卫生靠大家。,679,16
羽臻_,27,大家都学着点,567,1
狐地瓜大人,30,"在图书城遇到三个人吧啦吧啦的向宝妈推荐编程课，，，我感觉那三个人在忽悠宝妈，我便上前对宝妈说：“学这个不好，宝宝容易掉头发，影响形象！” 宝妈回过神来，带着娃娃走了。
就因为这，我有赚了500块钱，不是宝妈给的，是那三个孙子赔的医药费…",1348,45
挖鼻孔的老虎,100,"之前借给同事八千块，今天她转账还我了，还另外发了个两百块的红包。
我正想着她挺懂人情世故，没想到她说：“我不习惯欠着别人的人情，我也借给你两百，你过几天还我。”",965,16
中国加油！！,100,我在离家不远的地方开了个小饭店，中午媳妇想吃红烧甲鱼，我嫌麻烦让他换个菜，这货生气跑回家了。不一会她在我的美.团外卖上下单了，不仅点了红烧甲鱼，还外加了几个菜，，我当时就惊呆了。。。。,1001,13
夏有凉风秋望月,20,"从102到295斤，决定减肥. 减肥第一天，腿着来单位，走了一个多小时，出了一身汗，感觉还不错，心里想着中午吃还是不吃……
然后老妈来了，带着烧鸡[色]这还没到中午呢[捂脸]，吃吧吃吧，也不差这点儿！ 这可真是难为我了，吃吧，好不容易下定的决心，就这么没了，不吃吧，又怕伤了老妈的心！见我犹豫着，老妈捞起鸡腿就塞进我嘴里……",1517,53
狐地瓜大人,30,"高中化学课，老师做实验，用试管收集氢气，然后点燃，根据氢气浓度不同，爆炸声也大小不同。
小伙伴特别感兴趣，想亲自做实验，弄不到氢气，就要收集屁做实验，说也是可燃物原理一样，找个了罐头瓶子，瓶子口对着屁股。
我觉得那小伙伴以后必成大才，由于用力过猛，黄汤顺着短裤流了一腿，他都不忘用火去点瓶子…",746,21
坏小孩cium,30,"上初一的时候我苦苦追了我们班班草一年，最后终于感动了他！答应试着跟我交往！
他对我说：这学期成绩不理想打算留级，你愿不愿意陪我一起？
我回家千辛万苦的求我爸，终于我爸答应我让留级了！到了开学我才知道班草考了全县第一，暑假又请家教补习了初二的全部课程……
学校允许他跳级到初三去了。。。",1855,89
冬日阳光温馨,50,"下雪了，大家没事做，社区组织老公背老婆大赛，赛跑前三有奖金。
记得那天，准备开跑了，我感觉衣服四五层太多，毫无犹豫解开外面两层，解开的过程中拉链把我结婚项链扯飞了。
老婆在后面迫切的提醒:你掉链子啦!
掉 个 毛，号令枪一响，毫不犹豫，把转头寻找啥的老婆背着不对是抓猪一样的扛着就跑。。。",1385,35
聊天不撩妹子,55,"财务小丫头前段时间在办公室说，她在干洗店洗的衣服，取回来有洗衣液的味道，店里就是不承认是水洗的，问有啥办法证明。我就随口一说下次再洗时口袋装上新钱就好了，水泡过就能看出来的。
今早去财务领工资，小姑娘非要扣我一百钱。问她为啥？
她说我出的主意，非但没有证明衣服是不是干洗的，口袋里的一百块钱也没了。",1145,29
老巫婆～～,24,"在网上买了双鞋子，到货试穿太长了，准备退货。
我妈说：留着吧，明天再长一点就可以穿了。
我：我还能再长吗？
我妈：能！横向发展！
我…………",635,21
坏小孩cium,30,"上小学的时候，我学习好，总是坐前两排。最后一排有个男生特别爱睡觉，上课下课总是浑浑噩噩的过着。老师为了不落下任何一个同学，特意派我和这个男生同桌，想着让我拯救拯救他。
我用自己三寸不烂之舌，苦口婆心，动之以情晓之以理，每天从各个角度分析他睡觉会带来的各种不良后果。
一星期后他终于幡然悔悟，再也不在课堂睡觉了，他开始没事揪我头发，薅前桌脖领子，往女生桌堂里塞蚯蚓，实在没意思就直接去操场踢球。。。",2117,83
空城旧梦她与伞,33,"喝多了，回到家里吐的昏天暗地，媳妇一边捏着鼻子收拾残局，一边抱怨道：喝喝喝，咋不喝死你啊，真想和你打一架。
我也觉得对不起媳妇，想着酒醒后，带她去买件衣服赔不是。于是我挣扎着站起来，踉踉跄跄的对媳妇说：等我明天酒醒后……
话还没说完，媳妇一脚爆腿，把我踢出三米远：哟，能耐了，还敢跟我约架定时间啦，说，等你明天酒醒后你想咋样 ? ！！",2648,68
可爱到家了,21,我自言自语六级心里话八级  花式单身大赛赛区冠军  熬夜杯曾九次夺冠  这么厉害的我不打算喜欢一下吗   ​​​,648,22
九头纪,84,"话说高中的时候，班里有个胖子，比较爱闹爱逗女生，有一天下课，某女在吃小西红柿（洋气点儿就是圣女果），正吃着，胖子走过来了，啥也没说就抓了一把填嘴里去了。某女瞅着他说，胖子，你吃我的东西得交钱啊。
胖子：吃就吃，有什么……
某女：你吃的可是姐的良心啊。
胖子：切，你的良心都让狗给吃了……
说完，愣了几秒，全场爆笑……",622,5
吾乃敞衫罩子隆,37,今天一玩的比较好的班上女生跟我聊天，说她真羡慕我们男生，不像她们女生一天天都勾心斗角，同寝相处好累，男生都称兄道弟真好！！！这姑凉太单纯了，别看我们男生都称兄道弟，其实我们不是这样的，虽然我们表面都称兄道弟，但我们都是想当对方的爸爸。.........,603,7
男的性别点错,31,真想知道古代大侠整天什么都不干，还维持正义，那自然不欺善怕恶咯。每次到饭馆都是两斤牛肉一碟小菜，一壶好酒，这一顿下来就是两百来块钱，都哪来的？,668,49
逍遥ベ冰儿小迷妹,26,"楼主腿粗，腰细。
一次去公园玩，穿的牛仔裤，突然尿急，快翻遍整个公园，才看到厕所，马上飞奔过去，结果裤腰太松，一路跑，裤子快掉了。
不远处还有一个小屁孩，崇拜的对身边的帅哥说:哥哥你好厉害，你是用意念让她脱 、裤子的吗？",2178,77
羽臻_,27,你有哪些坚持了半年以上的习惯？,601,128
狐小乔,20,"今天很特殊，是我老公被打骨折的2周年纪念日。
俗话说，管男人就要管住他的胃，为了给他个惊喜，我决定今天晚上给他做一桌美食。
说做就做。虽然我平常做饭少，但是我食材选的好。今天我特意去了趟大超市，精挑细选买了一堆我爱吃的东西。
回到家后，翻阅着网上那些极品菜谱，我暗下决心，一定要给老公做一桌眼前一炸的好菜。
幻想着老公回到家后看到一桌子美食激动的心情，我开始在厨房里操刀飞舞，火星四溅。
随着时间飞速流逝，我的菜品也一个个争相出炉。
顿时，厨房香气四射，扑鼻而来！我沉醉在了这不归途的厨房
…",1410,95
夏有凉风秋望月,20,在家做卫生，想试试新买的吸尘器……一不注意，就把男盆友扔在地上的袜子吸进去了，然后吸尘器就不动了。给商家客服打电话，客服很有礼貌的说:寄回来，我们帮您看看……三天后，客服带着哭腔说:不好意思，你的吸尘器报废了……特么的，才知道男盆友的袜子威力这么大！,1647,36
yuan缘来入刺,42,"年终自驾出差收尾款，由于牵扯到对账发票等一系列问题，特意把财务的两大美女静静佳佳带在身边，一路上身材火爆的佳佳坐副驾，文文雅雅的静静坐后排，说说笑笑，打打闹闹，我简直享的是齐人之福。
到服务区休息我去上大号，提裤子时让衣服“啪”的一下把钥匙扣剐下来了，也就这么巧整好掉到我刚拉的那坨屎上，由于上边有遥控器等也没法用水冲，只好用卫生纸包了一下回车后放在后排的储物盒里。
一会儿两大美女也回来了，提着一大包零食水果，还有一个大榴莲。我们继续赶路。
---------------------
…",413,8
坏小孩cium,30,"老妈在家做了酱肘子，打电话叫我们回去吃，胖哥有工作走不开就说让我俩去吃。
我开车带着妞妞风驰电掣一路火花带闪电的到了我妈家。妈妈发现胖哥没来，就说：女婿没来，你就把肘子拿回去一起吃吧。
我开心的一蹦三尺高，抱着装好的肘子放车里，一脚油门开车就跑了。恍惚间听见我妈在门口大喊什么孩子孩子。可能是觉得我孩子气吧。。。",1792,99
狐小乔,20,"去年双十二，我办了张健身卡，然后签名改成：不瘦50斤不改签名，宣布第十二次减肥开始。
今年双十二，对着镜子发愁：小肚腩不见小，脸也不见瘦，这家的健身卡一点效果也没有。
看男朋友在旁边玩游戏，就问：“你说我减肥计划有什么纰漏？为什么减肥效果非常不明显？”
二货贱贱的一笑说：“你的减肥计划没问题，一定是这家健身房的问题，建议你亲自去健身房看看，也许减肥就有效果了。”",1069,47
绿水谈情,0,？？差点就开骂了……转自群聊,756,3
狐小乔,20,"“老公，明天是圣诞节。”
“嗯，我知道，已经给闺女准备好礼物了。”
“我知道你给闺女准备了，那个隔壁老王给他媳妇买了条铂金项链，挺好看。”
“他媳妇胖得脖子都看不见了，戴不戴有区别吗？”
“有啊，那是老公给买的呀。”
“那明天你穿我的衣服出去溜达一圈，别人也就都知道你有老公了……”",1691,63
夲少姓〖劉〗,29,小时候抓阄，抓了一把沙子，家里人以为我长大后会搞建筑，结果我现在是个沙雕[捂脸],781,16
南九,105,"老赵朋友开个烧烤店，昨天老赵带我们去吃。
咯咯咯……
几个人刚到烧烤店，看到老赵朋友正在锁门。
老赵忙问怎么回事，他朋友说:下雪谁还吃烧烤，得吃火锅。
于是大家和老赵朋友开车跑郊区去吃木碳火锅。
一路堵车，到了地方，火锅店门上贴了个纸条:下雪了，老板出去吃烧烤，暂停营业一天......",772,17
无毛少年韩堵堵,50,西澳一棵树的四季,580,0
-赵I薇--,0,？？？[可爱多][可爱多][可爱多],613,15
空城旧梦她与伞,33,"十年前，在电子厂上班的时候，食堂伙食太差，我在附近租了一个小单间，自己开火做饭。
一个同乡女孩子向我哭诉，说厂里伙食太差，她自己又不会做饭，都瘦了好几斤啦。
确实，看她双目无神，脸色黯淡无光，我也有点心疼。于是邀请她以后在我这里吃饭，两人平摊伙食费。
几天后的一个晚上，她吃饱饭后，就没回宿舍了。一个月后，她脸色红润润的，双目有神，皮肤也很有光泽。
就是有一点，她没给我一分钱伙食费，而且特么的，我瘦了……",2652,101
谁抢了我微信昵称,27,"学宿舍，舍友说他腿肿了，不过谁也也没在意。
大概过了一个月，他说他的腿还是肿。我说那我还是陪你去看看吧，怎么肿也不能肿这么久，有啥事还能帮帮你。
他还挺感动的，我俩到了医院，我也不敢让他动换了，跑前跑后挂号排队缴费的，我俩商量着，还特意选了一个专家号，为的就是好好看看。
到了医生面前，一个看着就感觉医术很高明的专家，我觉得怎么也得60多了，说了病情，人家检查了半天，又是摸又是揉的，还问说这个情况持续了多久，原来退多粗等等，我室友忙说，发现的时候到今天都一个多月了。还还比划了半天之前的大小，
…",901,4
夲少姓〖劉〗,29,吃过晚饭，陪着老婆刷手机，里边突然传出一段语音“全国70%的男人都渴望有婚外恋”听完老婆瞅了我一眼，我赶紧表决心，老婆放心吧我绝对是剩下的那30%，然后就听到语音后半段，剩下的30%已经有了婚外恋[捂脸][捂脸][捂脸]老婆你再给我个机会[衰][衰],860,9
孤心傲月,30,"总经理怀孕了，老板要求全公司禁烟。
今天上洗手间发现一女同事在厕所抽烟，刚要上去劝阻发现总经理已经走到洗手间门口了，这女同事一把把烟塞到我手里！
总经理看了我一眼说：你来下我办公室。
在办公室我解释说：总经理我真没抽烟！这烟不是我的！
总经理生气的说：烟是谁抽的不重要！关键你一大老爷们跑女厕所干什么？！！！！
……我说我在厕所迷路了你信吗？…………",894,30
无书斋主,42,"昨天吃完晚饭，我上卫生间的时间，我一岁七个月的儿子拿着我手机玩了会，这小子给同事小李发了一百多个我爱你的动图！！……
半个小时后，小李和她老公就来我家窜门了！…",1372,41
羽臻_,27,你该怎么花这笔钱？,601,135
夲少姓〖劉〗,29,开车下高速的时候，发现收费员是我前女友，她悄悄的对我说，你快走吧，不要你钱了，别让我领导看见，给我感动的呀，我寻思这心里还有啊[可爱多]，结果第二天，我成了高速黑名单了[捂脸][捂脸][捂脸][捂脸],766,9
倾心倾情%%,102,"老板给了文件让我写一下，上午在办公室里吭哧半天没写出来一个字，中午老板过来问我整理的怎么样了，我说还没写。老板:看你朋友圈发的段子一会一个一会一个，也没见那么费劲啊！上班再发现你发段子，扣钱！
凑，忘记屏蔽老板了麽？！",676,7
程念念念,27,当时我妈是一个医院的护士，有年有人往医院打电话说食物中毒。马上用面包车载到医院。不一会儿，面包车嘎的一声到了，面包车后座跳下一个人，脸色铁青，一阵狂呕。我爷爷赶紧扶他上准备好的担架，他在担架挣扎着坐起来：食物中毒的人还在车上，我是晕车！,619,7
瑾悅襌心,26,200一次可还行～转自群聊,706,39
夏有凉风秋望月,20,"这个真实的事情，信息量很大…………我的男盆友是男闺蜜的小舅子，有天男友送了我一条墨绿色的围巾，说是天冷给我保暖。
发了朋友圈之后，男闺蜜来电话了:是不是他们俩发现了什么？",1788,54
忧郁的创可贴,93,"相亲中，结果男方是个闷葫芦，一直没跟我说话，我就只好厚着脸皮开口了：你在哪工作呀？
他：  在XXX（本地某知名上市公司）
我：那挺好呀，我同事的老公也在那里，收入特别高。
他 ：我现在刚去，是实习期，工资很低很低，只有两千，不过我们这个行业你也懂，都是提成高。
我，哦哦，没接触这个行业不太懂，提成能有多高啊？
他 ：一个月三百多。。。",2457,155
无书斋主,42,"今天太阳不错，照着身上暖洋洋的，我穿着大棉袄款的睡衣，在阳台上喝着热茶竟然睡着了！……
迷迷糊糊中，脸上一阵冰凉！
睁开眼，一岁多的儿子在我面前笑哈哈的:爸爸，水水，喝水水……
我……就这样看着他往我脸上倒水，不能躲也不能叫，因为躲了，他站在小凳子会摔……
叫了，吓着他了也会摔……
憋屈……",1175,35
狐小乔,20,"我给闺蜜介绍男朋友，她问我长相咋样，我说：白白净净的，就是有点胖。
闺蜜：胖子？你以为老娘嫁不出去了？弄个猪八戒糊弄我？你是不是见不得我好！
我辩解：那小哥也不是特别胖，他个子高，坐他家卡宴里有点挤，正准备换一辆悍马……
话没说完，闺蜜跳起来大叫：乔啊，哪天见面？
我说：我不想用猪八戒糊弄你。
闺蜜：别瞎说，我正想着生个佩奇呢……",1527,63
Llenino,26,这简直妇女之友,689,7
向昨天说再见。,24,邻居家养了条狼狗，非常凶恶。一天它在胡同口咬了一精神病，好家伙，那叫一个惨烈啊！后来，狗都松口了，那精神病都没松口，围观人那叫一个多啊。估计是伤自尊了，从此那狗再也没咬过人了。,678,8
九头纪,84,"单身时，有次一闺蜜说给我介绍她高中同学；本人不会游泳，闺蜜说教我。
到了游泳馆发现闺蜜同学也在那儿。我心里暗想闺蜜太不懂事，怎么相亲第一次见面就安排到游泳池。
过了一段发现闺蜜跟闺蜜同学好上了，跟别人说是游泳时建立的感情，我终于明白为啥闺蜜总让我练习潜水，憋气了——把灯泡埋水里，人好在水面上眉 来 眼 去。
闺蜜说：我本来是真是想替你介绍的，后来发现还是我俩更合适。……",453,13
狐小乔,20,"小侄女的舅舅打电话说，过几天放假来南京找她玩儿，列队欢迎昂！侄女发出灵魂拷问：舅舅，你来干嘛啊……
舅舅：……（估计想揍她，那么多好吃的白喂了！）
侄女：舅舅，我要写作业很忙很忙的！马上考试啦，考不好你姐姐要发飙的！
舅舅：你外婆让我给你送好吃的！你舅妈给你买了漂亮衣服。既然，你不欢迎我……
侄女：欢迎，欢迎！可欢迎啦！你是我最最最最亲爱的舅舅嘛！
舅舅：你最亲爱的不是姑姑嘛？变啦？
侄女：姑姑是昨日黄花啦，舅舅是最亲爱哒！（抱着电话狂亲几口，无限谄媚状）
挂了电话，她回过头来跟我
…",1281,54
夲少姓〖劉〗,29,"早上和媳妇开车出门，刚到小区门口，由于路比较滑前面一个骑电动车的小姐姐摔倒了，于是我就下车帮忙扶她起来，小姐姐感激的谢了我，等我回到车里，心想媳妇肯定会表扬我，没想到 却等来冷冰冰的一句：她漂亮吗？
[大哭][大哭]谁能告诉我错哪了？",735,22
-小门神~,21,"晒在楼下的被子，居然不见了。
我对着整栋楼，大喊道：哪个王八蛋偷我被子，我祝ta生儿子没有……
话音未落，肩头被人拍了拍。转身，同事小丽拿着一床被子，原来她收错了。
她先是说声“抱歉”，然后不依不饶道：你说我生儿子没有啥？？
我立马改说为唱，道：没有花香，没有树高………",1285,40
孤心傲月,30,"上初三那段时间，每天晚上跑出去上网老师准能抓到我们。包括我们几点上机几点下机他都一清二楚！我们班同学都开始怀疑同学中是不是有卧底！到最从互相猜忌变成了互相举报！！
直到毕业那天我才知道那网吧是老师家开的………………",758,17
芭芘红颜,36,老公喜欢钻我被窝，我问他为什么不盖自己的被，他说他冷。我说好，那我给你加热。然后放了个p。请问他掐我是为什么？,609,15
『空欢喜』,27,"和朋友在公司榕树下石桌上喝咖啡，我瞅着树上好像掉下鸟粪到我朋友杯子里，看她端起正要喝。
我连忙伸手阻止，嘴里刚要说:不能喝。。。
朋友一看我手伸过来，立马把杯子往嘴巴凑，一股脑全喝下去，品了品，摇头晃脑的还喃喃:怎么有点猫屎咖啡的感觉？
同时一拍桌子,娇嗔我:你个牲口，又想抢我咖啡喝。。。
​",1906,68
义行天下7,30,"哥们小张经 常 在外出 差，全 国各 地的跑！
想 到  新 .  冠  . 像 打 游 .  击一样，时不 时的出现，我就关 心 的提 醒 小张： 哥 们，在 外 要 保  护  好自  己，千  万 不   要    中 .   招  啊！
小张 不 屑 的 回答 ：没 事！我  随  身 带 着  雨  .   .  衣  呢！",1076,50
梅菜扣肉来了,30,"小火车
和媳妇逛街，儿子打电话奶声奶气的问：“你媳妇呢？”我逗他：“不知道啊，咋滴？”儿子小声说：“她想玩带遥控的小火车，我说费钱，她生气跑了，你快买一个回来哄哄她吧。”我和媳妇都惊呆了……",656,5
“一个人去西藏”,44,"尴尬的初恋
考上学是一件令人开心的事，虽然那时候家里极为贫困。去上学，家里没钱，只好自己去亲戚家借了学费。生活费趁着还没入学，去了一家木材加工厂计件收费，两个月下来也剩余了100元。这些对于我来说足够了。被褥用的原来的，衣服也没有买新的，上衣是一件穿了几年，有几个洞已经补上了。这就成了我入校的全部家当。一个人来到汽车站，花了八元钱到了省会，有用了五毛坐车到学校。学校不是很新，但是整洁。门口上写着欢迎新生入校，门口的右边，是高年级的同学在引导新生。有一个比我大一级的学长，看到了我。跑过来
…",691,36
醉酒舞剑砍疯子..…,16,"N年前我们家开了个小卖部。那个时候普通人都用那个郁美净擦脸（一块钱一包）。一到冬天，郁美净就成了热销产品。记得有一年冬天，老妈去城里进货，批发了两麻袋郁美净准备卖一冬天，谁知道进货不久，另一种护脸霜疯狂来袭，大家都买新产品，郁美净就被压货了……
昨天老爸下班回来问我妈:你给我买的啥牌子的擦脸的，我同事说奶香味很好闻。
老妈支支吾吾半天才说出来:记得那年咱小卖部关门后吗，那两大袋郁美净压手里了，我想着不能浪费了就给你用了，（老妈都是把袋装的挤到用完的化妆品瓶里）刚开始我还担心过期了你皮肤会过敏，但
…",819,24
艾玛*^o^*ZW…,26,"今天两个人去看电影，看完，他送我回家。
一直走到我家楼下，他也没有牵我的手。
他说：你上去吧，早点睡。
我说：第一次约会，你就这样让我回去啦？
他想了想，那你把看电影的钱转给我",579,18
紫子知,28,"才下了点碎雪，朋友圈就乱了
我给大家科普一下雪花知识：
雪花主要分为六种：
干啤 纯生 勇闯 匠心 全麦 银装八度
[大笑][大笑][大笑]",681,10
九头纪,84,"初中的时候，宿舍有个女生平时就很用功，一直是宿舍其他女生的学习对象，生活规律又好。
某次要考试了，这女生比平常更努力了，但一到熄灯时刻女生就收拾睡觉了，我因为是夜猫经常半夜三更才睡觉，到了后半夜突然听到声音，是语文背诵，找声音来源确定是该女生处传来，紧接着该女生又背起英语单词了，后面数学公式都出来了，我就这样半夜听着她梦话中的背诵温书半小时……",619,6
蒋舒服咖斯基,40,叔叔得了癌症，喝完药，躺在床上醒过来了。他伸出手，用虚弱的声音喊道：“幺---幺----九”我红着眼对婶子说：“婶子！叔叔的意识都不清醒了，他应该喊120救护车，却喊119！”婶子：“你看看他手指的方向！”顺着他手指的方向，我看见一瓶二锅头，原来是要---要---酒！,585,3
南九,105,"老赵去动物园喂猴，被猴挠了。
咯咯咯……
胳膊上很大一条印子。
大家都笑话他，说是被他老婆打的。
老赵急眼了，一下子掀起衣服，露出身上的好几道印子说:看！这个才是老婆打的！我挺大个人还能说慌么……",841,13
狐地瓜大人,30,"我跟好友一起买的微波炉。我平常使用完都要认真清理擦洗，好友基本不怎么清理，微波炉看上去脏兮兮的。我劝过好友：东西要爱惜，使用寿命也长。好友笑而不语。
我的微波炉用了一年多出了问题，而好友的微波炉一点事都没有…我怀疑我是不是做错了？？？",841,26
吃了两碗又盛,41,"远远地听到办公室里有人说笑，我推门进去，借用某个表情包的内容说:你们笑啥呢，笑的我头都秃了。
这下坏事了，有几个人马上就要笑炸了，原先为啥笑的都忘了。",962,9
夲少姓〖劉〗,29,"本人特别爱吃泡椒凤爪，每周都要买点尝尝过过嘴瘾，这不昨晚我又买了点，坐在沙发上看着电视，吃着泡椒凤爪，喝着啤酒。
老婆看到后说到：“来给老娘舔舔脚丫”说着就把脚凑到我嘴边。
看着近在咫尺37号的大脚我说：你干嘛？我才不舔呢
老婆：那你为啥要舔鸡的脚？
听她说完，我看着手里的鸡爪子，瞬间感觉不香了[捂脸][捂脸][捂脸]",600,33
有飞机？！,31,高中那会儿，班上一个男孩知道女孩特别喜欢周杰伦，为了讨她欢心，特地千里迢迢带着她飞到另一个城市看了杰伦的演唱会，深受感动的女孩在走下男孩家的私人飞机那一刻，终于答应做他的女朋友。时隔多年，我依然被这份简单纯粹的爱情所感动。,567,13
孤心傲月,30,"当初刚出来打拼的时候，穷 没有钱！一袋泡面三个人分着吃！
经过多年的努力，如今的我不一样了！我都是在小卖部吃完再回去！",1105,26
唐僧熟了,35,"前几天，在朋友圈看到一个土豪感叹道：“隔壁的wife超好，用起来真爽!”
我心中讥笑：“果然有钱人都没文化，连wifi都打错!”............
现在我才突然醒悟，自己还是太年轻!...........",695,11
无书斋主,42,"小区老刘这几天不管天多冷都在小区广场打太极……
今六点我要到机场接人，五点出去买包子的时间路过小区广场！……
老刘的太极打的稳如泰山，说真话，有大师范！……
我掏出手机想拍个视频发朋友圈，没想到老刘冲过来:正子，视频不准拍，你买早餐的钱我报销！……
突然，广场还有一位练太极扭秧歌的阿姨映入眼帘……
我扔下老刘给的二十:不行，婶子会给我一百！！……",1188,28
花落彼岸&…,30,"我老妈是 媒 婆， 经过她手撮合的有十多对。
但是最近几年谁让她给别人 保 媒 她都不去了，我就好奇:“妈你不是撮合十来对了吗，他们到现在过的都不错，妈你怎么不管了呢”。
:“没脸在管了，丢人呀”，:“有啥没脸的怎么就丢人了不是管成十多对呢吗，”。
:“哎别人都说我了，真要有能耐怎么儿子还砸手里了",1771,36
贤惠的荔枝5871…,0,年过半百遇到珍惜你的人，不迟,737,27
逍遥ベ冰儿小迷妹,26,"失恋不久的我，哭着从同事婚礼上跑出来，闺蜜心疼的陪着我安慰我要请我吃饭。
走进了一个很豪华的饭店，我感激的看了一眼闺蜜，对我真好，这辈子有一个朋友足以。
闺蜜要了两瓶酒，点了一大桌子菜。和我碰杯，恨恨的说:我今天随了五百块钱的份子，本来可以吃上大闸蟹，大龙虾，没想到让你这个损货给破坏了!
今天我不吃你五百块钱，我就不走了!没错，今天你请客!",1961,56
看到棒子就是怼,28,唉……今年可能是唯一一次 因为新冠病毒没有去马尔代夫度假 往年都是没有钱,1077,10
狐小乔,20,"消化内科。
患者按药方吃了半个月药，这次来复查。
我：“都吃了半个月药了，怎么一点都没有好转？不应该啊！”
他：“啊？不知道啊！”
我：“告诉你要忌口的东西，都没吃吧？”
他：“没吃，没吃，你告诉我不能吃的东西，我可一口都没吃。”
我：“没吃辣椒？？？”
他：“大夫，这我可敢保证，辣椒我可一口都没吃，每次炒菜什么的，我只是用辣椒炒，借个味儿，每次我可都只吃菜，那里面的辣椒，我可是真的一口都没吃。”
我：“......”",1325,51
好多坨,27,不要试图鹤立鸡群，要试图离开那群鸡。,854,18
银行门口的雪人,19,昨天单位聚餐，一领导一直劝我把白酒干了。我实在喝不下了，就心生一计，想着把剩下的半杯酒含在嘴里，再装作喝茶的时候把酒吐到茶杯里。万万没想到，当我把酒全含在嘴里以后，旁边的老王殷勤地把我茶杯给倒满了。我鼓着腮帮子骑虎难下，幽怨看了老王一眼后，眼含热泪地咽下了嘴里的酒。。。。,799,12
十里柔情一帘幽梦,99,"和老公吵架了，几天没联系，心情不好，就把追了很久的小说看完了，然后又感觉没事儿可做，就发了个朋友圈：进入空窗期，好无聊……
没几分钟老公打电话过来，气急败坏地问：就吵个架，我就被离婚了吗？",765,18
小恩的老公8,34,"说个真事，那年发洪水，记得那时我才十三岁，我哥带着我，顺着河边，用带钩的竹杠打捞上游飘下来的东西……
河里的水屎黄屎黄的，水很急，好多东西都是一闪而过，椅子，桌子，……不远处我看到竟然还有一只活着的小羊……
我哥马上用竹杠去捞，太远够不着，水又急，他对我大喊:“咱跟着小羊跑， 毕竟是一条生命，咱得救它！”听了我哥的话，一瞬间觉得我哥好伟大！我们拼了命的跟着小羊跑……
在一处堤坝边小羊被挡住了，我哥想都没想，一下子就跳了下去，最后我们兄弟二人费了好久才把小羊救了上来……
我记得，那天晚上我哥烤的小
…",1800,32
夲少姓〖劉〗,29,"问：医生我早上起来腰酸背痛 怎么治？
医生：那你中午起来就好了
神医啊…[捂脸][捂脸][捂脸][捂脸]",694,8
冬日阳光温馨,50,"晚上想出去，老婆也大方说:你去吧。
过好大一会儿，老婆又问:还去不去了？
我说:太晚了，不出去了。
还有，老婆，别睡门哪儿了，上床吧。",687,19
喜欢就是淡淡滴爱,37,"室友在淘宝上买一件衣服，卖家说上图好评立马返现五元。
于是室友穿上衣服自信美美的拍了五张照片。
结果今天卖家给朋友返现了十元，并且求室友赶紧把图片给删了。。。",649,11
夲少姓〖劉〗,29,昨晚睡觉被鬼压床了，但我不慌，尝试着从手指开始动，然后挣扎着竖起了中指，结果...尼玛被压的更狠了！,576,8
歌歌哒f,28,"去包子铺买包子，卖包子的是个小姑凉，我：给我两包子，她：啥馅的，我：随便……
她笑着道：随便，我不知道该怎么拿……
我看着她为难的样子开玩笑道：把你们昨天没卖完的给我两个，
她笑的更开心了的说道：大哥你真会开玩笑，我们没有卖剩的包子……
于是我付完钱后提着包子走出一段距离拿出来吃时发现她给我装的是两馒头……",1588,49
精彩语录yyj,22,怎么礼貌拒绝火车上情侣换座位……,589,17
Awkward雪,31,女朋友突然问我如果她怀孕了、孩子不是我的，怎么办？,820,149
悠悠我心52100…,27,楼主有两个哥哥，小时候总是被老妈逼迫穿他们穿小了的衣服，由于老妈比较彪悍，多次抗议都无效。导致我每天都郁郁寡欢，觉得憋屈极了。直到有一天，有一个小男生的出现，彻底治愈了我所有的烦恼，让我重新快乐了起来。看到他每天各种小裙子跟个花蝴蝶似的满天飞，我再也不羡慕他有两个姐姐啦。。。,685,6
-小门神~,21,"我骑着电驴送同事小美回家，路上无聊俩人玩起了对联。
小美说，对联有讲究，天对地，雨对风，大陆对长空……
我说道：所以“ 我”可以对“你 ”，我们天生一对……
在我的迷人微笑里，小美跳下车在绿化带里滚了两滚，害羞地跑了……",1250,33
璃白°,99,"我在厨房切小米辣，准备自制剁椒，老公在客厅，和我说着工作上的事，我应付了他几句。
老公颇有点不满的说道：喂，喂，我和你说话呀，你能不能热情一点、火辣一点。
气得我放下菜刀，用刚刚拿辣椒的手，一巴掌呼他脸上：怎么样？够热情吧，够火辣吧 ? ?",1438,55
迷你可爱多1,21,？有什么想说的,634,16
璃白°,99,"读小学二年级时，我家养了一只小花狗，家里人都叫它‘花花’。
那次期中考试，我语文数学都没及格，被老师狠狠的批评了一顿。
回到家里，花花和往常一样，屁颠屁颠的在家门口迎接我，我心里本来就不高兴，就踢了它一脚，它汪汪汪的跑开，幽怨的看着我。
我爸干完农活回家，看到我的试卷，暴跳如雷，他四处看了一下，看有没有趁手的揍人物品。
就在这个时候，花花摇头摆尾，欢快的叼着手腕粗的烧火 棍，放在我爸面前。",2100,52
汪紫薇,27,快去试试你们的男朋友！！,603,4
鱼歌浅唱,81,"H市爆出一病例，刚从该市出差回来的同事进了办公室后，赶紧掏出手机查自己的行程码，完后突然兴奋的大叫道:我是绿的，我居然是绿的！
这“嗷”的一嗓子来的太突然，办公室的同事都吓坏了，特别是王哥，手里的保温杯都吓得拿不住，掉地上了！",1453,36
偷惢前男友,24,上学那会，经常都是月光族，伙食费熬不到月末。月底的一天我和比较好的女同学下自习后就去学校附近的一个公园玩，由于第一次单独和女生一起，比较紧张，场面很尴尬。这时候一个卖花的小女孩就过来说：哥哥买朵花送给漂亮姐姐吧？我其实想买的，奈何钱包不给力啊，于是我说我们是同学不是情侣。小女孩说：情侣都是同学过来的。我说不是的，她是我妹妹。小女孩：知道，是情妹妹嘛。买一朵吧哥哥。我说今天走的急没带钱，买不了，小女孩也不说什么，转身就走，只是回头说了一句：靠，没钱还泡什么妞？,1559,54
中国加油！！,100,在北京打工的时候，最喜欢的娱乐项目，就是挤公交车。尤其上下班高峰的时候，无论什么样的美女，都可以往上贴呀！有一次在公交车上，又往美女身上挤，碰上个厉害角色，刚贴上去就挨了个耳光，还骂我：臭流氓！车上就三个人，老娘卖票的你也想吃豆腐！,701,14
偷惢前男友,24,"记得初三的一次模拟考试，考的政治。那时考试都是同年级所有班学生错开座位的。。。
我坐的刚好是我们班班长（女）的座位。由于我平时成绩好，刚过一半时间就做完了考卷，然后就坐不住各种小动作，不小心把班长装杂物的包包里的姨妈巾弄出来了掉地上（包包挂椅背上的，）我只好以迅雷不及掩耳盗铃之势捡起来姨妈巾，塞进了包包。可是，还是被老师看见了。老师问我干什么，我面红耳赤支支吾吾。。。老师打开包包一看，除了姨妈巾，还有一小本政治笔记.......",1240,34
就是疯子我,0,跟朋友喝酒，他说以前别人说国产车不好他不信就买了一辆北汽绅宝，他现在信了，国产就是不行，他的车三年了，每次快没油了都是得去加油站加油，不加油就不走，要是合资或者进口车估计加水就可以走！,626,10
胖香,103,"闺女挺会规划零花钱的，给的零花钱大部分存起来，没事抠我的零食吃，我和我妈打算测试一下她，昨天告诉娃儿给她20块钱，但是不许放到存钱罐，只能花掉，看她能买什么回来。
晚上回来的时候啥吃的玩的都没带回来，问她钱呢？人家拿出了个账本，仔仔细细的算账:“我同桌借了五块说买笔，明天还我的话五块五，超过3天还6块，小雅借了2块，到时候还我2块，因为她给我吃了个棒棒糖，还有别的借出去的钱我都记账了，大概算了一下，能赚七八块呢！明天还给我20么？我这生意挺好的！”",821,27
_开心就好~,31,"表嫂家是开火锅店的，昨晚有人吃霸王餐。
表嫂的爸爸追出去理论，表哥刚好来了。
听表嫂说完后，追了出去。
当时天已经完全黑了，表哥就跟那几个人厮打在一起。
十分钟后，回来跟表嫂说:“放心吧，全都打倒了。”
表嫂问:“打倒了几个？”
表哥说:“7个，其中有一个特别嚣张，居然喊着‘我是你爹’。
我气不过，又踢了他几脚，估计现在都爬不起来呢！”
表嫂大惊，说：“那是我爸啊！”",806,14
南九,105,"总公司来个安全顾问给我们讲课。
咯咯咯……
都是安全生产的老话题，我都快背下来了。
顾问讲了半个小时，发现大家都犯困，就问大家:这样的课上了很多次了吧？
大家都点头称是，我提高嗓门说:你讲的课，我都能背下来了！
顾问用手指着我说:你可别说啦……当年我也是在会上这么吹牛的，才有这讲不完的课............",790,13
坏小孩cium,30,"吃中饭时，老公说我好像长胖了，我生气了，站起来说道：我要离家出走 ！
老公连忙拦着我：干啥啊，这是。我开玩笑的，再说，哪有像你这样，端着碗离家出走的?
我怒气冲冲：关你啥事 ！！
于是我甩门而去，走了十多米，在一户人家的院门口，停下来敲门：妈，开门啊，我回来啦。。。。",2079,94
糗友gKoEZT,0,今天去超市买东西，买的有点多，服务员算了一下，一共777元，我立马给了她1000元，她马上找了我333元，我说“这么快算出来了?”，她说：“我上学时心算可厉害了，是数学科代表，不会错的。” ​,707,28
喜欢就是淡淡滴爱,37,同事说他刚毕业那会儿找工作，在应聘现场面试官问：“你最大的缺点是什么？”同事回答：“诚实。”面试官：“我并不觉得这是一个缺点啊。”同事马上开心地说：“真的吗，死胖子？”……,655,14
璃白°,99,"陪表妹相亲，地点在一家小饭店，男生各方面条件都一般，表妹有些犹豫。
吃完饭后，男生对表妹说：我这个人比较直爽，你对我感觉怎样，咱们还能继续交往吗？
表妹犹豫着：我回去考虑考虑，明天会给介绍人一个答复。
男生继续说道：我是这个意思，你要觉得咱们可以继续交往的话，那咱就继续交往，你要觉得不行的话，我想和你表姐认识认识。
卧槽，关我啥事啊😂😂",2424,96
点赞的战斗猪,20,昨天晚上儿子闹着要骑车出去玩，我就带他在小区里面看着他骑。忽然看着他晃晃悠悠就要冲进矮树丛，我直接一个箭步冲上去准备拉住他，结果跑的急了拌了一下，我一头扎进矮树丛了，爬出来看着儿子稳稳当当脚叉着车着急的看着我。,592,6
倾心倾情%%,102,"周六九点上班，同事们一半都迟到了，boss大骂:平时八点上班人到的齐刷刷的，九点上班还迟到？！！！
说是地下停车场临时关门，停车找半天，走回来走半天！
boss:明鑫也是开车来的咋没迟到？
:没告诉他今天九点上班，停车场八点关的门！",599,3
吃了两碗又盛,41,"女同事家出了点事故，半夜时分灶台上方吊装的橱柜掉下来了，她第一时间拍照发朋友圈，照片中她老公十分抢镜。
后来她解释说拍照时她老公只穿了一条短裤，不太雅观，就给短裤打上马赛克了。",1219,30
义行天下7,30,"周末几个玩的好的哥们在我家打麻 将！
期间玩的正 嗨，突然小张老婆提着擀面杖冲了进来，我一看大事不妙，起身急忙把擀面杖夺下来，小张当时还没看到他老婆来，正犹豫打哪张牌呢？被他媳妇飞起一脚踹倒在地，小张爬起就跑，他媳妇是一阵猛追！……
我们几个看的是目瞪口呆，哥们小郭惊讶道：卧槽，这架势比我家藏 獒都厉害！
我抽了口烟解释道：藏獒能比吗？根本不是一个级别，这 是母 老 虎🐯！",1364,36
寒山宽洪,62,和哥们开车去内蒙古有沙漠的地方拍照，这都一周了，没有解过大手！是水土不服，还是得了什么病，就问哥们是怎么回事？他幸灾乐祸的说：你不知道这里是兔子不拉屎的地方吗？！卧槽，这小子来自天津卫，形容我是兔子！[doge],742,15
九头纪,84,"小时候最崇拜""佚名""，买一本作文书，相当多的署名""佚名""，当时就惊为天人――一个人能写出这么多好作文。后来发现""佚名""是个全才,他有很多名言、漫画、摄影作品上报纸，只觉得这人很牛很牛……",720,13
坏小孩cium,30,"年关将至，结婚的特别多。一个不太熟的远房的表哥打电话来，说结婚伴郎数不够，让我客串一下伴郎。
这是人提出的要求么？请我吃饭行，让我一个黄花大闺女去当伴郎？！？！！
重赏之下必有勇夫，我去了，一整天下来娘家人没有任何人发现破绽，甚至还有俩小姑娘要加我微信。。。。",2388,152
Awkward雪,31,猜车了，估计没几个能猜到,576,0
挖鼻孔的老虎,100,"刚刚买完菜，推着自行车经过一条小巷子，墙上跳下来一只流浪猫，拦在路中间看着我。
我挥手要它让开，它不理我，于是我停好自行车，上前用脚轻轻的推开它。
忽然感觉身后有动静，回头看看，另一只流浪猫偷了我车篮里的鲈鱼在跑，拦路的也跟着跑了。",1273,31
天热打鼓球,102,"儿子学校运动会，我自告奋勇的去做义工兼啦啦队。
他们班刚开始几项成绩不太好，到了拔河比赛时都憋足了劲要挽回颜面。
眼看着气势如虹，打得对手溃不成军，胜劵在握。我忍不住兴奋的大喊了一声：耶！赢了，我们终于赢了耶！
话音刚落，儿子班拔河队后面还在拼命使劲的同学们看不到前面啥情况，还以为比赛结束，真的已经赢了，就直接放手了……
局面瞬间就逆转了。
前面的同学一脸懵圈的看后面的同学，后面的同学也一脸委屈的到处看，刚才是哪个傻X喊的，赢了，赢了…
我呢，没等运动会结束就拂衣而去，深藏功与名。
…",1379,27
狐小乔,20,"接到婆婆电话，说老公的三姑家的二姐在医院生了个宝宝，让我们今天有空了过去看望一下。
老公下班后，我们就准备买点营养品过去。
老公说他手机上没钱了，在家里拿点现金吧！
正好有婆婆前几天给的几千块钱放在家里，说完就去屋里了，过了不一会，衣柜里就传来了老公的声音：我明明就放这了啊，怎么就突然没了呢？
哼！要不说男人就是马虎，什么东西都到处乱放，这回好了，丢了真是活该！
实在没招了，老公可怜巴巴的瞅着我。
要不说关键时候还得靠我们女人，哎！算了，认倒霉吧，丢了就丢了，我手机上还有点钱，先用我这
…",1121,65
程念念念,27,吃完饭在小区里散步，突然听见前面有一个小哥哥一直在喊，宝贝，你在哪呀，快出来呀，小宝贝，快出来，喊得那叫一个心酸呀。后来，突然从草层里钻出一只小狗，吓我一跳，之间那个小哥哥跑到我面前，把小狗抱了起来，对着狗嘴就一顿猛亲，看的我真的是好羡慕那只狗呀。亲完之后那个小哥哥就对着狗一个嘴巴子，你老实交代，是不是又吃屎了。,635,8
你忙吧我吃柠檬哈,81,"我一般都晚上散步的时候顺便去超市把菜买了，因为晚上超市有的菜还打折。
在水产区发现有打折的大虾，想着买些回去给孩子吃。一边挑一边跟营业员唠嗑
“这虾子新鲜不新鲜呀？”
“说假话没用，打折的肯定不是那么太新鲜”
“那这虾子死了多长时间了？”
“放心，刚死没多久，尸骨才寒”
额。。。我怎么感觉气氛突然变得有一点点恐怖呢[捂脸]",572,8
泪水堵住了,0,同是游戏，为什么差距越来越大？太真实了！,572,2
正版煮茶,31,跟我哥一家去野炊烧烤，我生火眼睛给熏住了，我边揉眼睛边叫侄子拿双鞋给我垫垫屁股，侄子说垫好了，还要扶我坐好！我正奇怪他怎么这么听话了，一坐好家伙，是高跟鞋，鞋底朝上那种...,1407,43
狐小乔,20,"眼科。
正在医生办公室写病历，突然听见病房里有吵闹声，寻声进了病房，只见两个床的家属剑拔弩张，舞舞喳喳，比比划划地对骂呢。
赶紧分开两拨家属，我就开始问经过。
原来，这个病房有两个患者，都是老阿姨，一个阿姨是白内障，一个阿姨是青光眼。
白内障阿姨明天要做手术，一个侄子前来探望，怕老太太紧张，就劝白内障阿姨：“大姑，你这白内障就是个小手术，啥事没有，你这不像青光眼，你不知道，那青光眼可难治了......”
这话被隔壁床青光眼阿姨听见了，当时就哭了起来，青光眼阿姨的家属就不干了，双方就吵起
…",1464,40
素·敵,69,"昨天大雪，朋友出去办事情，由于路太滑车刹不住，撞在了路边的护栏上…朋友赶紧给保 险公司打电话…打完电话等候中，朋友车“Duang”一下又被后车追尾了…车门被卡死，然后丫在车里报  警催保 险……等候中，朋友感觉车又忽悠一下子，心说完了，肯定后车又被追了……
不一会有人敲窗户，朋友一看是保 险人员，有些不悦的说“你们出险也太慢了，这都撞了好几个啦”……
保险人员苦着脸说“大哥，您别催了，后面第三辆追尾的就是我们公司的车”……",1123,16
喂-你好吗,20,"年前嫂子就嚷嚷着让大哥买辆车，大哥各种推脱，嫂子就天天絮叨：咱俩都上班，骑个电驴子，我想提前下班回家给你们爷儿俩做饭都不能！
大哥和侄子连着吃了几个月的方便面，终于妥协了
本以为自己下班或者儿子放学可以吃上嫂子亲手做的热乎饭，这都提车两个月了他家的主食依然是方便面！有车了也是有一点好处的，就是一家三口偶尔也可以用一辆车就可以去下馆子，而不是两辆电动车
问起原因嫂子很无奈，开车了得遵守交通规则，车辆多的时候堵车，车辆少的时候吧红灯是一点不敢闯啊，所以比骑电动车回家更晚！",1117,24
狐小乔,20,"今天接到一个面试电话，说是招聘才艺女主播的，我说我也没啥才艺，而且也没有投过这种简历啊！
但是电话那边却坚持邀请我过去参加，说可以先看看我的条件，如果可以，她们愿意免费培训，把我打造成明日之星！
带着她给我画的大饼，我满怀信心的出发了，到了那里的时候，已经有许多人已经在排队等候了。
仔细打量了一番，面试的人都是高低不齐，宽窄不一，满脸浓妆，衣服鲜丽。相比之下，我还像个人。
等了许久，终于叫到了我的名字。
进门，落座，六目相对，这三个面试的人弄得我不自觉的紧张了起来。他们低头看着资料，不
…",1030,49
空城旧梦她与伞,33,"几年前的事，我去买手机，堂哥作陪。挑好了一款，付过钱。
那个挺漂亮的女店员，拿出一把锤子，指着一排金 蛋对我说：帅哥，试试你的手气，砸到什么你就拿走什么。
我觉得自己手气一向不好，就让堂哥砸，堂哥拿着锤子，歪着脑袋问女店员：美女，你确定砸到什么就拿走什么?
女店员十分肯定的点来点头。只见堂哥拿起锤子，轻轻的砸了一下女店员。
现在啊，他俩孩子都能打酱油啦。",2072,59
忧郁的创可贴,93,"邻居家哥哥，二十八了还单身，别人介绍了一个外地女朋友，和他同龄。
两人情投意合，马上坠入了爱河中，天天腻歪在一起。
那次，大家都在看电视，电视剧情是姐弟恋，邻家哥哥突然腻歪的对他女朋友说道：要是你比我大三岁就好了，人家不是说女大三抱金砖吗？
他女朋友笑嘻嘻的回答：放心，结婚那天，我一定让你抱上金砖。
他们结婚那天，女方带来一个三岁的男孩子，是女方的儿子，名字就叫 金砖 ！",1856,80
青龙路潇洒哥,26,有没有懂车的朋友，给我推荐一款100万以下，50块钱左右的卫衣，加绒的，我想骑电瓶车穿，能暖和一点[发抖][发抖][发抖],679,26
红尘一笑醉红颜..…,99,"老公你等一下回来的时候买点鸡蛋和米，家里什么都没有了……
啊，我们已经蛋尽粮绝了吗……
额.....",941,27
程枂儿,51,"那年上台演话剧，我演一棵树，我想反正灯光照不到我，我就带了外卖准备上台吃。
我一个同学演死尸，躺在我身边：“好香啊，闻着有点饿了！”
于是，我给他喂了一口，好巧不巧，灯光打到了我俩身上，台下炸开了：快看！那棵树在喂死人吃炒河粉！",973,12
豆苯豆,34,"上小学那会儿，学校安排体检，抽完血，我就晕倒了，在医院走廊的长凳上躺了很久，把老师都吓坏了，告诉我爸妈说我体虚！
年长一点之后，给老爸打下手切菜，不小心切到了手指，其实流血不多，但是感觉眼前一黑，我赶紧蹲下，歇了一会儿就没事儿了，也没当回事儿！
20岁生日前后，我觉得要做一件有意义的大事，于是我去献血了！因为检测没问题，那个医生看我那么大个儿，就说这人400cc没问题，我也觉得没问题，结果躺在献血车上休息了很久才下来，把那医生和护士都吓坏了！被老妈知道以后，也成了她心中的一根刺，因为之后的几
…",615,16
-小门神~,21,"我从小就不太聪明，但是又特别淘气，所以村里人都管我叫“皮憨憨”
那年七岁，老妈要送我去学校。
她对我说：憨憨，你二哥教你从1背到100。等会儿见了老师，你一定要好好表现！
我讨厌上学，就躲进一个稻草堆里。
老妈跑过来揪着我耳朵，就是一顿骂：怂大的年龄，一天到晚不干正事。快把手里的蛤蟆扔了……
说的轻巧，我好不容易逮着的，扔掉可不白瞎了吗？
于是我趁老妈不注意，偷偷把蛤蟆塞进口袋里。心里想着待会从学校回来，我要拿着蛤蟆去找二哥玩。
老妈又问我：刚才说的，都记住了吗？
我记住个球，看着路边
…",1335,53
狐小乔,20,"“娃她爹，你快点上厕所，速度。”一早起来就开始催促。
“周六休息，我上厕所那么着急干嘛！”娃她爹抗议。
“周六也得时刻准备着，一切为了你闺女上学提前练习。”
“你疯了！一年以后她也就才上幼儿园。”
“一年怎么了，不就是365天嘛，一眨眼的事儿。你想想你奖金发了多久了，这感觉才过去一天而已！”
“哦，说了半天原来是提醒我把钱给你转过去啊。都说多少次了，我工资每次你自己转就行，干嘛非得我经手一次！”
“能一样吗，你转那叫自愿，我转那叫被迫。”",1119,43
_不须归_,35,这是南方的芋头，想看看北方的,645,31
义行天下7,30,"小时 候以为，公主只能  配 .  王 子
长大了之后才发现
配  .  公 主的不 是王 子而是王 总
王 总也不 是骑 的白 马
而 是 开了一 部 三 .  手  奔.  驰……",781,37
叶落紫枫,29,"做为老师，这次考试学生的成绩很让我捉急啊，上课时我问：你们考成这样是要气死我的节奏么？
有个学生答：不是节奏，是前奏。。。",634,6
骑着二哈啃黄瓜,28,"我和发小候在镇里长大的，读初中才到了县里，记得那会她准备分班报考体育特长生，还得体检。
那时候需要验尿，发小拿着尿杯疑惑的确认:真的么？体检护士:确认，去厕所，用自己的不能用别人的，装五分满。
我耐心在外面等了五分钟，才见发小拿着半满的尿杯出来，羞涩的对护士说:我尝了一小口，实在咽不下去了，您这有糖么，咽尿实在太冲了。。。",1888,62
空城旧梦她与伞,33,"那年朋友介绍相亲，地点是在妹子上班附近的一家西餐厅。
妹子挺漂亮的，说话轻言细语，吃起东西更是斯斯文文，我也不好意思大快朵颐。看得出两人都互有好感，吃完后，留了V信。
分开后，觉得肚子只有半饱，于是在夜市地摊上，叫了一份小碗酸辣粉。
正吃着，听到一个大大咧咧的，略有点熟悉的声音：老板，来份大碗酸辣粉，妈蛋，刚才相亲装模作样，饿死老娘啦。",3174,94
正版煮茶,31,我朋友把刚装不久的浴室隔断玻璃拆了，我问了他为什么，他说他洁癖很严重，有汗一定要洗澡，洗完澡发现浴室玻璃沾满水，于是擦干，又弄了一身汗，又洗澡，洗完澡发现浴室玻璃又沾满了水，又得擦干...,1382,30
狐小乔,20,上个月我过生日。十二岁的小侄女在网上学做菜，说要做个菜给我个惊喜。我看着桌子上一大盘螃蟹，刚伸手去拿，突然螃蟹用大钳子夹住了我的手！我去，这就是惊喜吗？！小侄女咯咯咯的笑着说:“这叫手上有钱(钳)！”,1097,46
狐地瓜大人,30,"看到有个姑娘在帮我洗车，我问：“姑娘，你是不是搞错了，你给谁洗车呢？”
姑娘调皮的回答：“给我男朋友啊！”
我连忙解释：“这是我的车，你洗错车了。”
姑娘一个‘歪 头 杀’，一双大眼睛眨巴眨巴的望着我，那意思就是想表达：你要做我男朋友吗？
我正尴尬呢，老婆拉拉我胳膊，咬牙切齿的说：“等会再过来，还差一点她就把车洗完了！！”",1221,36
歌歌哒f,28,"高中暑假时我想找一份临时工干干，但都只招长期工，
最后跟一支施工队伍说“我要挣学费，能不能让我跟着做一个月”，工头想了想就同意了，
而我也随他们一起去了新工地，到了新工地后他们每天除了睡觉就是打牌、别的啥都不干，
我眼看一个月都过去了四分之一，忍不住问工头“咋还不开工啊，早点干完我们好去别的工地啊”
工头看了看我：不急，开工没有回头箭，趁现在先好好玩玩……",1091,22
倾心倾情%%,102,"熊哥:我女儿选上班长了，我问她怎么选上的，她说，在选之前从我包里拿了几十块钱请班上三分之二的同学吃了冰棍。我觉得很诧异，就问她，你为什么只请三分之二的同学呢？她一脸鄙夷地看着我，超半数就能选举成功了，何必多花那三分之一的钱？请三分之二已经很保险了！
熊哥:你还是嫩，请五分之三的同学就可以了！",712,20
义行天下7,30,"周末在家闲着没事看电视！
一部新古装剧，有一个惩 罚 犯 人的剧 情，用的“老虎凳”，平生第一次见，大开眼界，我急忙喊在一边玩手机的老婆快看你没看过的，，母老虎大吃一惊：还有我没见过的？
抬头一看，电视里正在抬犯人的腿加重体 罚，老婆看的是目不转睛，直到犯人痛 苦 的奄奄一息，惊喜的对我说：学会了，以后就 用 这招！
卧 槽……",1592,62
向昨天说再见。,24,冬天的衣服，第二天想换一身，但是前一天穿过的并不脏，所以不用洗，也不能当成干净衣服收进衣柜，只能放任在外堆成一个个此起彼伏的小山,727,9
狐地瓜大人,30,"值班除了不让玩手机，还是挺清闲的。有时候还会偷偷看闲书打发时间…
下夜班，吃早点时候，领导问我：带书没，一会值班，找本书打发打发时间。
我怕借给他，不知道啥时候能还我就便说：没有，没带书。
领导点头走了，又跑去套路另一个下夜班吃早点的人…",948,14
叶落紫枫,29,"今早上一同学电话响，他看了下号码，清了下嗓子，然后很严肃的告诉我们别吵他女神来电话了，
然后我们都全神贯注的望着他，只听他接通电话来了句“喂，妈啊，咋啦！”",719,4
素·敵,69,"高三的时候上晚自习，教室的后面有个大下坡，下完雪特别光 滑，我们几个姐妹翘课去那里滑着玩，结果滑到一半的时候看到教导处黑脸包公主任在下面等着……
那种死 亡在你面前，你却还眼睁睁的向它滑去的感觉我们几个一直忘不掉……",1595,31
芭蕉窗下听雨声,43,"昨天陪闺蜜去医院取环。又是彩超，又是宫腔镜.....医生说子宫有息肉，要动手术。
取完环，她看着帮她跑前跑后的我。感动的拉着我的手说：过几天我来动手术，你也查查。咱一块动手术好么？
[笑哭][笑哭]",1616,116
831201,37,我都三十五了刚长立事牙（我这是得多不懂事啊)，牙疼的饭不思，工作不想干的，去医院拍牙片，医生说长的挺正，也挺好的，别拔了，长出来就好了，回来还真不疼了(估计是因为钱花到了)，又过了半年，期间断断续续的疼，但能忍受，这个月牙又特别疼，我终于不听劝了，非要拔，我老公说：只要你不拔，我给你买个钻戒。钻戒哪能跟牙疼比，不戴能咋的？老公看劝不住，又说你看碰到神经瘫痪咋整？我立马给我妈打电话说：妈，我要拔牙，瘫痪了你就给我接回去吧。第二天我偷偷自己去医院拔了，幸好没瘫痪，花了一千多块钱消停了。,420,7
红尘一笑醉红颜..…,99,"生意忙的时候你没时间陪我...
：.....
现在生意结束了，开始天天打麻将，你就不能抽空陪陪我吗……
：.....
你干嘛不说话？
：我在打麻将...
.....",634,32
秋风吹豌豆,26,我是北方人，和老婆去广东玩，去吃饭然后那家饭店米饭不限量供应，我俩点了两个菜，一直加米饭，吃了一会，老板：“兄弟，差不多可以了哈[捂脸]”,728,12
倾心倾情%%,102,"上一年级的小侄女回来了，我问她我美吗，她说我丑死了！
给她送上礼物，又问她我美吗？她说我很美！我说她也太没原则了，她振振有辞地说道:小姑，大家都是女人，心口不一很正常！
小人精呐！",700,5
狐地瓜大人,30,"去沈阳出差，当地好心糗友告诉我天气不错，要带我出去转转，为了糗友的一句带我转转，我是零下20多度说起床就起床。
路边等糗友，正在沉思幻想糗友是大美女来着，这时过来一辆车，伸出一个脑袋：你是谁谁谁吧，快上车。
上车后问她：你咋一下就认出我来了，不兴打个电话确认一下，万一是坏人咋办？
糗友：看你耳朵都冻红了，准错不了，当地人没这么傻的…",1850,46
偷惢前男友,24,记得2004年第一次刚发工资，叫了个同事一起去买手机，进去商城后，手机款式众多啊，就挑了一个，一看价格2000多。然后和导购小姐姐一番唇枪舌战之后最低价1550。然而我只愿出1500，之后我又巧舌如花，说得卖手机的小姐姐又便宜了50给我。自己还有点洋洋得意，是不是她看上我的帅气了，给了我优惠。谁知道，没事溜达到另一家，也是无聊，指着同款手机问多少钱，那卖手机的说，这款啊，现在特价一千。,1667,54
义行天下7,30,"去东北出差十天有余，这天一早回家坐动车到县城！时间太急，早餐都没来的及吃！
到家已是下午，老婆过来接，下车一出站我立马给老婆一个拥. 抱，久 久不愿 松 .开，亲. 了一. 口，兴奋的说：老婆，我很 饿！
老婆一把推开我笑着说：“饿” 就 对了，看你猴 .急猴 .急的，我 才放.心，才分开几 天急. 成这样？一会就到家了啊！
我肚 子 饿……",1763,70
哎呦哥哥！,28,我一朋友挺瘦小，有次出差提前回来，发现家里有动静，老婆很久才开门，表情不自然。二话没说，直接拿条链子把衣柜锁了，坐在床上玩了两天手机，任凭老婆怎么撒娇都不出去。期间各种外卖也不出去，两天后开柜，各种暴揍，对方连还手的力气都没有,1566,44
无书斋主,42,"老家亲戚过世，熬了三天夜！
回长沙时，高铁站候车，困得不行，就哈欠连天……
加上有点小感冒，难免有点小鼻涕！！……
唉，就因为这，被请到他们值班室喝了两杯热茶！！",1191,39
一帘温柔梦,30,小虎正在上初中，成绩很差。幸好班主任是个慈祥的老太太，每次开家长会都让小虎叫他妈妈来，妈妈对他总是手下留情。这天 班主任又对小虎说：明天家长会叫你妈妈来！小虎感激之余，忍不住问道：为什么您从来不叫我爸来。班主任叹口气，说因为你爸爸初中也是我教的！我已经不想再说他了.....,629,7
奶爸笔记本,91,完成任务回家，偷偷倒了一杯酒，，没一会，发现酒里飘着一只褐色的小飞虫，在非常努力的向杯壁‘游’去，我用牙签把它救了起来，没救活。。。,610,19
狐小乔,20,"“妈，你和我老爸结婚快四十年了，是不是行为习惯都快一模一样了？”老爸老妈结婚纪念日的时候我问到。
“你说呢？”老妈一个白眼飘过来。
“我和你妈这辈子估计只有结婚纪念日一模一样了，别的你就别想了。”老爸慢悠悠地说。",1142,37
-小门神~,21,"相亲，咖啡馆。对象是一位清纯女孩，可我的心却在前女友身上。
来相亲完全就是应付父母，所以我很直接地告诉她说：爱情就像穿鞋，我其实是一双42码的鞋。你懂吗？
女孩脱了她的一只鞋，拍在我脸上，道：是不是这样的42码？……",1344,32
久违<。)#…,27,一个小伙子学车的时候，看上了候考大厅的女管理员。一次考试前，小伙子对女管理员说：你知道吗？为了多看你几眼，我已经挂了四次科二了，做我女朋友好吗？管理妹子：你知道吗？和你众多考驾照的一个男生，他已经拿上驾照半年多了，这半年来，他开车带我到处玩，我已经是他女朋友了……,750,10
我是谁∽谁是我,55,"老婆的小电驴电池不行了，刚好看到么互动直播平台，说用一块新电池就可以把四块旧电池启动成新的一样。
前几天她厂休，骑推电驴问了好几个修换电瓶的，都说一块电瓶不卖。
然后就留言直播的那里能卖到一块电瓶的，直播也挺热心，直接发了链接给她。她花了二百买了块新电瓶，物流挺快第二天就送到，然后就试了不行。
又留言直播，直播告诉她是新电瓶亏电，需充满才行，然后就订够了型号对应充电器，充电器到了没有接口还是不行，又买了充电器接口，前后共花了二百八十九。
别问行不行，我又花了三百五，四块全换了。
多出的一块新的
…",588,10
悠悠我心52100…,27,前几年上大学的时候，老妈每个月都让老爸给我打一千块钱的生活费。直到大三我和我妈有一次无意聊天聊到这个的时候，才知道我妈一直给我爸的是每个月一千三让他打给我。。。                                                我才知道原来还有中间商赚差价。。。。,2032,35
聊天不撩妹子,55,"路过小区门口有两个大妈吵架，围了好多人看热闹，劝架的越劝吵的越凶。。。
也是我太无聊，就想看看她们什么时候能停，如果站边上看怕尴尬，就从电动车后箱拿出打气筒，一边给轮胎打气一边看热闹，怪就怪我看热闹太专心了，
嘣。。。因为真空胎爆的声音太大了，把吵架的，劝架的，看热闹的都吓跑了。
不说了，换个轮胎老板说最低的也要一百八。。。",837,22
捉女妖的天师,38,"我买的零食放在寝室总是莫名其妙的少，有时候我都没吃几口就没了
后来我把零食分成两袋往桌子上一放直接挑明：同志们，咱们先来个君子协议，这一袋吃完剩下的另一袋你们可不许再打主意了啊！
事实证明，她们根本不是君子
是女人，草率了！",1216,27
向昨天说再见。,24,我们村有个光棍，平时一个生产队的谁家红白事他都随礼，六十多了也没办过啥事。有一天村里的人看他买双袜子，就起哄这该庆祝一下，立马联系厨师，买菜。过年的时候村里年轻人都回来了，三下五除二，回去把他家里猪放出来杀了。后面除去一切开支，礼钱还剩好几万。都是看这人实在，如果不给他办一次，估计这礼等他过世了都还不了。,2412,42
松哥◆,18,办公室大姐有个四岁的小孙女经常带到办公室玩，小女孩漂亮又可爱，我喜欢逗她玩，她也爱粘着我，还经常会从家里带她的零食来给我分享，平时都有糖果 果冻水果什么的。直到今天刚到办公室在我桌子上出现了一包益母草颗粒[笑哭],659,33
倾心倾情%%,102,"刚为了完成糗币任务，我点进直播间看了一下，是个大美妞，我问了主播两个问题:1.你的双眼皮是做的还是贴的？2.你的头发是染的还是头套！
没一会屏幕上她回我:滚！",1015,29
逍遥ベ冰儿小迷妹,26,"女同事结婚，我因刚失恋两个月，看不得这个，在婚宴上，忍不住快哭了，偷偷跑了出来。
晚上，我看了下时间，十点多了，心想网恋了一个多月的他应该不会上线了吧，没多久，消息声传来，他说:刚下班，累死了，抱抱!
我忍住了激动的泪水，回了一句话:死扑该，今天我去你婚礼了，没开美颜，你就认不出了我了么？？？",1801,56
夏有凉风秋望月,20,"结婚第三天回门，我和老公带了好多东西回去！老爸老妈亲自下厨，张罗了一桌好饭。
席间，老爸和老公对饮，然后都醉了！我和老妈把老爸架回房间，老公也晃晃荡荡的走了出去，还跟我说，回去吧！不用送了！
我赶紧过去扶着老公，谁知他一把推倒我说，你谁啊？这么丑，也来碰我！我有洁癖！
从那以后，我又在我妈家住了下来，直到现在！",1944,45
树猫儿,0,有没有很火但是你没有看过的剧,584,49
糗友gKoEZT,0,坐火车对面一男的，我们同时开始泡方便面吃。在盖上盖等待的时候这货问我什么口味的，我回答红烧牛肉。他拍了拍他的方便面盖来了句：我这，海鲜的。那口气，显得生活水平要比我高出不止一个档次。,698,12
